x,Left_1,Right_1,Left_2,Right_2,Left_3,Right_3,Left_4,Right_4,Left_5,Right_5,Left_avg,Right_avg
0.1,5.1,5.25,4.68085106,4.72340426,4.65957447,4.80851064,32.7619048,73.5238095,4.85106383,4.85106383,10.4106788,18.6313576
0.2,10.2,10.5,9.36170213,9.44680851,9.31914894,9.61702128,65.5238095,147.047619,9.70212766,9.70212766,20.8213576,37.2627153
0.3,15.3,15.75,14.0425532,14.1702128,13.9787234,14.4255319,98.2857143,220.571429,14.5531915,14.5531915,31.2320365,55.8940729
0.4,20.4,21,18.7234043,18.893617,18.6382979,19.2340426,131.047619,294.095238,19.4042553,19.4042553,41.6427153,74.5254306
0.5,25.5,26.25,23.4042553,23.6170213,23.2978723,24.0425532,163.809524,367.619048,24.2553191,24.2553191,52.0533941,93.1567882
0.6,30.6,31.5,28.0851064,28.3404255,27.9574468,28.8510638,196.571429,441.142857,29.106383,29.106383,62.4640729,111.788146
0.7,35.7,36.75,32.7659574,33.0638298,32.6170213,33.6595745,229.333333,514.666667,33.9574468,33.9574468,72.8747518,130.419504
0.8,40.8,42,37.4468085,37.787234,37.2765957,38.4680851,262.095238,588.190476,38.8085106,38.8085106,83.2854306,149.050861
0.9,45.9,47.25,42.1276596,42.5106383,41.9361702,43.2765957,294.857143,661.714286,43.6595745,43.6595745,93.6961094,167.682219
1,51,52.5,46.8085106,47.2340426,46.5957447,48.0851064,327.619048,735.238095,48.5106383,48.5106383,104.106788,186.313576
1.1,56.1,57.75,51.4893617,51.9574468,51.2553191,52.893617,360.380952,808.761905,53.3617021,53.3617021,114.517467,204.944934
1.2,61.2,63,56.1702128,56.6808511,55.9148936,57.7021277,393.142857,882.285714,58.212766,58.212766,124.928146,223.576292
1.3,66.3,68.25,60.8510638,61.4042553,60.5744681,62.5106383,425.904762,955.809524,63.0638298,63.0638298,135.338825,242.207649
1.4,71.4,73.5,65.5319149,66.1276596,65.2340426,67.3191489,458.666667,1029.33333,67.9148936,67.9148936,145.749504,260.839007
1.5,76.5,78.75,70.212766,70.8510638,69.893617,72.1276596,491.428571,1102.85714,72.7659574,72.7659574,156.160182,279.470365
1.6,81.6,84,74.893617,75.5744681,74.5531915,76.9361702,524.190476,1176.38095,77.6170213,77.6170213,166.570861,298.101722
1.7,86.7,89.25,79.5744681,80.2978723,79.212766,81.7446809,556.952381,1249.90476,82.4680851,82.4680851,176.98154,316.73308
1.8,91.8,94.5,84.2553191,85.0212766,83.8723404,86.5531915,589.714286,1323.42857,87.3191489,87.3191489,187.392219,335.364438
1.9,96.9,99.75,88.9361702,89.7446809,88.5319149,91.3617021,622.47619,1396.95238,92.1702128,92.1702128,197.802898,353.995795
2,102,105,93.6170213,94.4680851,93.1914894,96.1702128,655.238095,1470.47619,97.0212766,97.0212766,208.213576,372.627153
2.1,107.1,110.25,98.2978723,99.1914894,97.8510638,100.978723,688,1544,101.87234,101.87234,218.624255,391.258511
2.2,112.2,115.5,102.978723,103.914894,102.510638,105.787234,689.448276,1540.3908,106.723404,106.723404,222.772208,394.463267
2.3,117.3,120.75,107.659574,108.638298,107.170213,110.595745,690.896552,1536.78161,111.574468,111.574468,226.920161,397.668024
2.4,122.4,126,112.340426,113.361702,111.829787,115.404255,692.344828,1533.17241,116.425532,116.425532,231.068114,400.872781
2.5,127.5,131.25,117.021277,118.085106,116.489362,120.212766,693.793103,1529.56322,121.276596,121.276596,235.216067,404.077537
2.6,132.6,136.5,121.702128,122.808511,121.148936,125.021277,695.241379,1525.95402,126.12766,126.12766,239.364021,407.282294
2.7,137.7,141.75,126.382979,127.531915,125.808511,129.829787,696.689655,1522.34483,130.978723,130.978723,243.511974,410.487051
2.8,142.8,147,131.06383,132.255319,130.468085,134.638298,698.137931,1518.73563,135.829787,135.829787,247.659927,413.691807
2.9,147.9,152.25,135.744681,136.978723,135.12766,139.446809,699.586207,1515.12644,140.680851,140.680851,251.80788,416.896564
3,153,157.5,140.425532,141.702128,139.787234,144.255319,701.034483,1511.51724,145.531915,145.531915,255.955833,420.101321
3.1,158.1,162.75,145.106383,146.425532,144.446809,149.06383,702.482759,1507.90805,150.382979,150.382979,260.103786,423.306077
3.2,163.2,168,149.787234,151.148936,149.106383,153.87234,703.931034,1504.29885,155.234043,155.234043,264.251739,426.510834
3.3,168.3,173.25,154.468085,155.87234,153.765957,158.680851,705.37931,1500.68966,160.085106,160.085106,268.399692,429.715591
3.4,173.4,178.5,159.148936,160.595745,158.425532,163.489362,706.827586,1497.08046,164.93617,164.93617,272.547645,432.920347
3.5,178.5,183.75,163.829787,165.319149,163.085106,168.297872,708.275862,1493.47126,169.787234,169.787234,276.695598,436.125104
3.6,183.6,189,168.510638,170.042553,167.744681,173.106383,709.724138,1489.86207,174.638298,174.638298,280.843551,439.329861
3.7,188.7,194.25,173.191489,174.765957,172.404255,177.914894,711.172414,1486.25287,179.489362,179.489362,284.991504,442.534617
3.8,193.8,199.5,177.87234,179.489362,177.06383,182.723404,712.62069,1482.64368,184.340426,184.340426,289.139457,445.739374
3.9,198.9,204.75,182.553191,184.212766,181.723404,187.531915,714.068966,1479.03448,189.191489,189.191489,293.28741,448.944131
4,204,210,187.234043,188.93617,186.382979,192.340426,715.517241,1475.42529,194.042553,194.042553,297.435363,452.148887
4.1,209.1,215.25,191.914894,193.659574,191.042553,197.148936,716.965517,1471.81609,198.893617,198.893617,301.583316,455.353644
4.2,214.2,220.5,196.595745,198.382979,195.702128,201.957447,718.413793,1468.2069,203.744681,203.744681,305.731269,458.558401
4.3,219.3,225.75,201.276596,203.106383,200.361702,206.765957,719.862069,1464.5977,208.595745,208.595745,309.879222,461.763157
4.4,224.4,231,205.957447,207.829787,205.021277,211.574468,721.310345,1460.98851,213.446809,213.446809,314.027175,464.967914
4.5,229.5,236.25,210.638298,212.553191,209.680851,216.382979,722.758621,1457.37931,218.297872,218.297872,318.175128,468.172671
4.6,234.6,241.5,215.319149,217.276596,214.340426,221.191489,724.206897,1453.77011,223.148936,223.148936,322.323081,471.377427
4.7,239.7,246.75,220,222,219,226,725.655172,1450.16092,228,228,326.471034,474.582184
4.8,244.8,252,224.680851,226.723404,223.659574,230.808511,727.103448,1446.55172,232.851064,232.851064,330.618988,477.786941
4.9,249.9,257.25,229.361702,231.446809,228.319149,235.617021,728.551724,1442.94253,237.702128,237.702128,334.766941,480.991697
5,255,262.5,234.042553,236.170213,232.978723,240.425532,730,1439.33333,242.553191,242.553191,338.914894,484.196454
5.1,260.1,267.75,238.723404,240.893617,237.638298,245.234043,731.448276,1435.72414,247.404255,247.404255,343.062847,487.401211
5.2,265.2,273,243.404255,245.617021,242.297872,250.042553,732.896552,1432.11494,252.255319,252.255319,347.2108,490.605967
5.3,270.3,278.25,248.085106,250.340426,246.957447,254.851064,734.344828,1428.50575,257.106383,257.106383,351.358753,493.810724
5.4,275.4,283.5,252.765957,255.06383,251.617021,259.659574,735.793103,1424.89655,261.957447,261.957447,355.506706,497.015481
5.5,280.5,288.75,257.446809,259.787234,256.276596,264.468085,737.241379,1421.28736,266.808511,266.808511,359.654659,500.220237
5.6,285.6,294,262.12766,264.510638,260.93617,269.276596,738.689655,1417.67816,271.659574,271.659574,363.802612,503.424994
5.7,290.7,299.25,266.808511,269.234043,265.595745,274.085106,740.137931,1414.06897,276.510638,276.510638,367.950565,506.629751
5.8,295.8,304.5,271.489362,273.957447,270.255319,278.893617,741.586207,1410.45977,281.361702,281.361702,372.098518,509.834507
5.9,300.9,309.75,276.170213,278.680851,274.914894,283.702128,743.034483,1406.85057,286.212766,286.212766,376.246471,513.039264
6,306,315,280.851064,283.404255,279.574468,288.510638,744.482759,1403.24138,291.06383,291.06383,380.394424,516.244021
6.1,311.1,320.25,285.531915,288.12766,284.234043,293.319149,745.931034,1399.63218,295.914894,295.914894,384.542377,519.448777
6.2,316.2,325.5,290.212766,292.851064,288.893617,298.12766,747.37931,1396.02299,300.765957,300.765957,388.69033,522.653534
6.3,321.3,330.75,294.893617,297.574468,293.553191,302.93617,748.827586,1392.41379,305.617021,305.617021,392.838283,525.858291
6.4,326.4,336,299.574468,302.297872,298.212766,307.744681,750.275862,1388.8046,310.468085,310.468085,396.986236,529.063047
6.5,331.5,341.25,304.255319,307.021277,302.87234,312.553191,751.724138,1385.1954,315.319149,315.319149,401.134189,532.267804
6.6,336.6,346.5,308.93617,311.744681,307.531915,317.361702,753.172414,1381.58621,320.170213,320.170213,405.282142,535.472561
6.7,341.7,351.75,313.617021,316.468085,312.191489,322.170213,754.62069,1377.97701,325.021277,325.021277,409.430095,538.677317
6.8,346.8,357,318.297872,321.191489,316.851064,326.978723,756.068966,1374.36782,329.87234,329.87234,413.578048,541.882074
6.9,351.9,362.25,322.978723,325.914894,321.510638,331.787234,757.517241,1370.75862,334.723404,334.723404,417.726001,545.086831
7,357,367.5,327.659574,330.638298,326.170213,336.595745,758.965517,1367.14943,339.574468,339.574468,421.873955,548.291587
7.1,362.1,372.75,332.340426,335.361702,330.829787,341.404255,760.413793,1363.54023,344.425532,344.425532,426.021908,551.496344
7.2,367.2,378,337.021277,340.085106,335.489362,346.212766,761.862069,1359.93103,349.276596,349.276596,430.169861,554.701101
7.3,372.3,383.25,341.702128,344.808511,340.148936,351.021277,763.310345,1356.32184,354.12766,354.12766,434.317814,557.905857
7.4,377.4,388.5,346.382979,349.531915,344.808511,355.829787,764.758621,1352.71264,358.978723,358.978723,438.465767,561.110614
7.5,382.5,393.75,351.06383,354.255319,349.468085,360.638298,766.206897,1349.10345,363.829787,363.829787,442.61372,564.315371
7.6,387.6,399,355.744681,358.978723,354.12766,365.446809,767.655172,1345.49425,368.680851,368.680851,446.761673,567.520127
7.7,392.7,404.25,360.425532,363.702128,358.787234,370.255319,769.103448,1341.88506,373.531915,373.531915,450.909626,570.724884
7.8,397.8,409.5,365.106383,368.425532,363.446809,375.06383,770.551724,1338.27586,378.382979,378.382979,455.057579,573.92964
7.9,402.9,414.75,369.787234,373.148936,368.106383,379.87234,772,1334.66667,383.234043,383.234043,459.205532,577.134397
8,408,420,374.468085,377.87234,372.765957,384.680851,773.448276,1331.05747,388.085106,388.085106,463.353485,580.339154
8.1,413.47027,425.47027,379.148936,382.595745,377.425532,389.489362,774.896552,1327.44828,392.93617,392.93617,467.575492,583.587965
8.2,418.940541,430.940541,383.829787,387.319149,382.085106,394.297872,776.344828,1323.83908,397.787234,397.787234,471.797499,586.836775
8.3,424.410811,436.410811,388.510638,392.042553,386.744681,399.106383,777.793103,1320.22989,402.638298,402.638298,476.019506,590.085586
8.4,429.881081,441.881081,393.191489,396.765957,391.404255,403.914894,779.241379,1316.62069,407.489362,407.489362,480.241513,593.334397
8.5,435.351351,447.351351,397.87234,401.489362,396.06383,408.723404,780.689655,1313.01149,412.340426,412.340426,484.46352,596.583207
8.6,440.821622,452.821622,402.553191,406.212766,400.723404,413.531915,782.137931,1309.4023,417.191489,417.191489,488.685528,599.832018
8.7,446.291892,458.291892,407.234043,410.93617,405.382979,418.340426,783.586207,1305.7931,422.042553,422.042553,492.907535,603.080829
8.8,451.762162,463.762162,411.914894,415.659574,410.042553,423.148936,785.034483,1302.18391,426.893617,426.893617,497.129542,606.32964
8.9,457.232432,469.232432,416.595745,420.382979,414.702128,427.957447,786.482759,1298.57471,431.744681,431.744681,501.351549,609.57845
9,462.702703,474.702703,421.276596,425.106383,419.361702,432.765957,787.931034,1294.96552,436.595745,436.595745,505.573556,612.827261
9.1,468.172973,480.172973,425.957447,429.829787,424.021277,437.574468,789.37931,1291.35632,441.446809,441.446809,509.795563,616.076072
9.2,473.643243,485.643243,430.638298,434.553191,428.680851,442.382979,790.827586,1287.74713,446.297872,446.297872,514.01757,619.324882
9.3,479.113514,491.113514,435.319149,439.276596,433.340426,447.191489,792.275862,1284.13793,451.148936,451.148936,518.239577,622.573693
9.4,484.583784,496.583784,440,444,438,452,793.724138,1280.52874,456,456,522.461584,625.822504
9.5,490.054054,502.054054,443.809524,447.428571,442.659574,456.808511,795.172414,1276.91954,462.203704,462.074074,526.779854,629.05695
9.6,495.524324,507.524324,447.619048,450.857143,447.319149,461.617021,796.62069,1273.31034,468.407407,468.148148,531.098124,632.291396
9.7,500.994595,512.994595,451.428571,454.285714,451.978723,466.425532,798.068966,1269.70115,474.611111,474.222222,535.416393,635.525842
9.8,506.464865,518.464865,455.238095,457.714286,456.638298,471.234043,799.517241,1266.09195,480.814815,480.296296,539.734663,638.760289
9.9,511.935135,523.935135,459.047619,461.142857,461.297872,476.042553,800.965517,1262.48276,487.018519,486.37037,544.052932,641.994735
10,517.405405,529.405405,462.857143,464.571429,465.957447,480.851064,802.413793,1258.87356,493.222222,492.444444,548.371202,645.229181
10.1,522.875676,534.875676,466.666667,468,470.617021,485.659574,803.862069,1255.26437,499.425926,498.518519,552.689472,648.463627
10.2,528.345946,540.345946,470.47619,471.428571,475.276596,490.468085,805.310345,1251.65517,505.62963,504.592593,557.007741,651.698073
10.3,533.816216,545.816216,474.285714,474.857143,479.93617,495.276596,806.758621,1248.04598,511.833333,510.666667,561.326011,654.93252
10.4,539.286486,551.286486,478.095238,478.285714,484.595745,500.085106,808.206897,1244.43678,518.037037,516.740741,565.644281,658.166966
10.5,544.756757,556.756757,481.904762,481.714286,489.255319,504.893617,809.655172,1240.82759,524.240741,522.814815,569.96255,661.401412
10.6,550.227027,562.227027,485.714286,485.142857,493.914894,509.702128,811.103448,1237.21839,530.444444,528.888889,574.28082,664.635858
10.7,555.697297,567.697297,489.52381,488.571429,498.574468,514.510638,812.551724,1233.6092,536.648148,534.962963,578.599089,667.870305
10.8,561.167568,573.167568,493.333333,492,503.234043,519.319149,814,1230,542.851852,541.037037,582.917359,671.104751
10.9,566.637838,578.637838,497.142857,495.428571,507.893617,524.12766,815.448276,1226.3908,549.055556,547.111111,587.235629,674.339197
11,572.108108,584.108108,500.952381,498.857143,512.553191,528.93617,816.896552,1222.78161,555.259259,553.185185,591.553898,677.573643
11.1,577.578378,589.578378,504.761905,502.285714,517.212766,533.744681,818.344828,1219.17241,561.462963,559.259259,595.872168,680.808089
11.2,583.048649,595.048649,508.571429,505.714286,521.87234,538.553191,819.793103,1215.56322,567.666667,565.333333,600.190438,684.042536
11.3,588.518919,600.518919,512.380952,509.142857,526.531915,543.361702,821.241379,1211.95402,573.87037,571.407407,604.508707,687.276982
11.4,593.989189,605.989189,516.190476,512.571429,531.191489,548.170213,822.689655,1208.34483,580.074074,577.481481,608.826977,690.511428
11.5,599.459459,611.459459,520,516,535.851064,552.978723,824.137931,1204.73563,586.277778,583.555556,613.145246,693.745874
11.6,604.92973,616.92973,524.787879,520.666667,540.510638,557.787234,825.586207,1201.12644,592.481481,589.62963,617.659187,697.227939
11.7,610.4,622.4,529.575758,525.333333,545.170213,562.595745,827.034483,1197.51724,598.685185,595.703704,622.173128,700.710005
11.8,615.87027,627.87027,534.363636,530,549.829787,567.404255,828.482759,1193.90805,604.888889,601.777778,626.687068,704.19207
11.9,621.340541,633.340541,539.151515,534.666667,554.489362,572.212766,829.931034,1190.29885,611.092593,607.851852,631.201009,707.674135
12,626.810811,638.810811,543.939394,539.333333,559.148936,577.021277,831.37931,1186.68966,617.296296,613.925926,635.71495,711.1562
12.1,632.281081,644.281081,548.727273,544,563.808511,581.829787,832.827586,1183.08046,623.5,620,640.22889,714.638266
12.2,637.751351,649.751351,553.515152,548.666667,568.468085,586.638298,834.275862,1179.47126,629.703704,626.074074,644.742831,718.120331
12.3,643.221622,655.221622,558.30303,553.333333,573.12766,591.446809,835.724138,1175.86207,635.907407,632.148148,649.256771,721.602396
12.4,648.691892,660.691892,563.090909,558,577.787234,596.255319,837.172414,1172.25287,642.111111,638.222222,653.770712,725.084461
12.5,654.162162,666.162162,567.878788,562.666667,582.446809,601.06383,838.62069,1168.64368,648.314815,644.296296,658.284653,728.566527
12.6,659.632432,671.632432,572.666667,567.333333,587.106383,605.87234,840.068966,1165.03448,654.518519,650.37037,662.798593,732.048592
12.7,665.102703,677.102703,577.454545,572,591.765957,610.680851,841.517241,1161.42529,660.722222,656.444444,667.312534,735.530657
12.8,670.572973,682.572973,582.242424,576.666667,596.425532,615.489362,842.965517,1157.81609,666.925926,662.518519,671.826474,739.012722
12.9,676.043243,688.043243,587.030303,581.333333,601.085106,620.297872,844.413793,1154.2069,673.12963,668.592593,676.340415,742.494788
13,681.513514,693.513514,591.818182,586,605.744681,625.106383,845.862069,1150.5977,679.333333,674.666667,680.854356,745.976853
13.1,686.983784,698.983784,596.606061,590.666667,610.404255,629.914894,847.310345,1146.98851,685.537037,680.740741,685.368296,749.458918
13.2,692.454054,704.454054,601.393939,595.333333,615.06383,634.723404,848.758621,1143.37931,691.740741,686.814815,689.882237,752.940983
13.3,697.924324,709.924324,606.181818,600,619.723404,639.531915,850.206897,1139.77011,697.944444,692.888889,694.396178,756.423049
13.4,703.394595,715.394595,610.969697,604.666667,624.382979,644.340426,851.655172,1136.16092,704.148148,698.962963,698.910118,759.905114
13.5,708.864865,720.864865,615.757576,609.333333,629.042553,649.148936,853.103448,1132.55172,710.351852,705.037037,703.424059,763.387179
13.6,714.335135,726.335135,620.545455,614,633.702128,653.957447,854.551724,1128.94253,716.555556,711.111111,707.937999,766.869244
13.7,719.805405,731.805405,625.333333,618.666667,638.361702,658.765957,856,1125.33333,722.759259,717.185185,712.45194,770.35131
13.8,725.275676,737.275676,630.121212,623.333333,643.021277,663.574468,857.448276,1121.72414,728.962963,723.259259,716.965881,773.833375
13.9,730.745946,742.745946,634.909091,628,647.680851,668.382979,858.896552,1118.11494,735.166667,729.333333,721.479821,777.31544
14,736.216216,748.216216,639.69697,632.666667,652.340426,673.191489,860.344828,1114.50575,741.37037,735.407407,725.993762,780.797505
14.1,741.686486,753.686486,644.484848,637.333333,657,678,861.793103,1110.89655,747.574074,741.481481,730.507702,784.279571
14.2,747.156757,759.156757,649.272727,642,661.659574,682.808511,863.241379,1107.28736,753.777778,747.555556,735.021643,787.761636
14.3,752.627027,764.627027,654.060606,646.666667,666.319149,687.617021,864.689655,1103.67816,759.981481,753.62963,739.535584,791.243701
14.4,758.097297,770.097297,658.848485,651.333333,670.978723,692.425532,866.137931,1100.06897,766.185185,759.703704,744.049524,794.725766
14.5,763.567568,775.567568,663.636364,656,675.638298,697.234043,867.586207,1096.45977,772.388889,765.777778,748.563465,798.207832
14.6,769.037838,781.037838,668.424242,660.666667,680.297872,702.042553,869.034483,1092.85057,778.592593,771.851852,753.077406,801.689897
14.7,774.508108,786.508108,673.212121,665.333333,684.957447,706.851064,870.482759,1089.24138,784.796296,777.925926,757.591346,805.171962
14.8,779.978378,791.978378,678,670,689.617021,711.659574,871.931034,1085.63218,791,784,762.105287,808.654027
14.9,785.448649,797.448649,682.787879,674.666667,694.276596,716.468085,873.37931,1082.02299,797.203704,790.074074,766.619227,812.136093
15,790.918919,802.918919,687.575758,679.333333,698.93617,721.276596,874.827586,1078.41379,803.407407,796.148148,771.133168,815.618158
15.1,796.389189,808.389189,692.363636,684,703.595745,726.085106,876.275862,1074.8046,809.611111,802.222222,775.647109,819.100223
15.2,801.859459,813.859459,697.151515,688.666667,708.255319,730.893617,877.724138,1071.1954,815.814815,808.296296,780.161049,822.582288
15.3,807.32973,819.32973,701.939394,693.333333,712.914894,735.702128,879.172414,1067.58621,822.018519,814.37037,784.67499,826.064354
15.4,812.8,824.8,706.727273,698,717.574468,740.510638,880.62069,1063.97701,828.222222,820.444444,789.188931,829.546419
15.5,818.27027,830.27027,711.515152,702.666667,722.234043,745.319149,882.068966,1060.36782,834.425926,826.518519,793.702871,833.028484
15.6,823.740541,835.740541,716.30303,707.333333,726.893617,750.12766,883.517241,1056.75862,840.62963,832.592593,798.216812,836.510549
15.7,829.210811,841.210811,721.090909,712,731.553191,754.93617,884.965517,1053.14943,846.833333,838.666667,802.730752,839.992615
15.8,834.681081,846.681081,725.878788,716.666667,736.212766,759.744681,886.413793,1049.54023,853.037037,844.740741,807.244693,843.47468
15.9,840.151351,852.151351,730.666667,721.333333,740.87234,764.553191,887.862069,1045.93103,859.240741,850.814815,811.758634,846.956745
16,845.621622,857.621622,735.454545,726,745.531915,769.361702,889.310345,1042.32184,865.444444,856.888889,816.272574,850.43881
16.1,851.091892,863.091892,740.242424,730.666667,750.191489,774.170213,890.758621,1038.71264,871.648148,862.962963,820.786515,853.920876
16.2,856.562162,868.562162,745.030303,735.333333,754.851064,778.978723,892.206897,1035.10345,877.851852,869.037037,825.300455,857.402941
16.3,862.032432,874.032432,749.818182,740,759.510638,783.787234,893.655172,1031.49425,884.055556,875.111111,829.814396,860.885006
16.4,867.502703,879.502703,754.606061,744.666667,764.170213,788.595745,895.103448,1027.88506,890.259259,881.185185,834.328337,864.367071
16.5,872.972973,884.972973,759.393939,749.333333,768.829787,793.404255,896.551724,1024.27586,896.462963,887.259259,838.842277,867.849137
16.6,878.443243,890.443243,764.181818,754,773.489362,798.212766,898,1020.66667,902.666667,893.333333,843.356218,871.331202
16.7,883.913514,895.913514,768.969697,758.666667,778.148936,803.021277,899.448276,1017.05747,908.87037,899.407407,847.870159,874.813267
16.8,889.383784,901.383784,773.757576,763.333333,782.808511,807.829787,900.896552,1013.44828,915.074074,905.481481,852.384099,878.295332
16.9,894.854054,906.854054,778.545455,768,787.468085,812.638298,902.344828,1009.83908,921.277778,911.555556,856.89804,881.777398
17,900.324324,912.324324,783.333333,772.666667,792.12766,817.446809,903.793103,1006.22989,927.481481,917.62963,861.41198,885.259463
17.1,905.794595,917.794595,788.121212,777.333333,796.787234,822.255319,905.241379,1002.62069,933.685185,923.703704,865.925921,888.741528
17.2,911.264865,923.264865,792.909091,782,801.446809,827.06383,906.689655,999.011494,939.888889,929.777778,870.439862,892.223593
17.3,916.735135,928.735135,797.69697,786.666667,806.106383,831.87234,908.137931,995.402299,946.092593,935.851852,874.953802,895.705659
17.4,922.205405,934.205405,802.484848,791.333333,810.765957,836.680851,909.586207,991.793103,952.296296,941.925926,879.467743,899.187724
17.5,927.675676,939.675676,807.272727,796,815.425532,841.489362,911.034483,988.183908,958.5,948,883.981684,902.669789
17.6,933.145946,945.145946,812.060606,800.666667,820.085106,846.297872,912.482759,984.574713,964.703704,954.074074,888.495624,906.151854
17.7,938.616216,950.616216,816.848485,805.333333,824.744681,851.106383,913.931034,980.965517,970.907407,960.148148,893.009565,909.63392
17.8,944.086486,956.086486,821.636364,810,829.404255,855.914894,915.37931,977.356322,977.111111,966.222222,897.523505,913.115985
17.9,949.556757,961.556757,826.424242,814.666667,834.06383,860.723404,916.827586,973.747126,983.314815,972.296296,902.037446,916.59805
18,955.027027,967.027027,831.212121,819.333333,838.723404,865.531915,918.275862,970.137931,989.518519,978.37037,906.551387,920.080115
18.1,960.497297,972.497297,836,824,843.382979,870.340426,919.724138,966.528736,995.722222,984.444444,911.065327,923.562181
18.2,965.967568,977.967568,844.403101,831.193798,848.042553,875.148936,921.172414,962.91954,1001.92593,990.518519,916.302312,927.549672
18.3,971.437838,983.437838,852.806202,838.387597,852.702128,879.957447,922.62069,959.310345,1008.12963,996.592593,921.539297,931.537164
18.4,976.908108,988.908108,861.209302,845.581395,857.361702,884.765957,924.068966,955.701149,1014.33333,1002.66667,926.776282,935.524655
18.5,982.378378,994.378378,869.612403,852.775194,862.021277,889.574468,925.517241,952.091954,1020.53704,1008.74074,932.013267,939.512147
18.6,987.848649,999.848649,878.015504,859.968992,866.680851,894.382979,926.965517,948.482759,1026.74074,1014.81481,937.250252,943.499639
18.7,993.318919,1005.31892,886.418605,867.162791,871.340426,899.191489,928.413793,944.873563,1032.94444,1020.88889,942.487237,947.48713
18.8,998.789189,1010.78919,894.821705,874.356589,876,904,929.862069,941.264368,1039.14815,1026.96296,947.724222,951.474622
18.9,1004.25946,1016.25946,903.224806,881.550388,885.048387,913.016129,931.310345,937.655172,1045.35185,1033.03704,953.83897,956.303637
19,1009.72973,1021.72973,911.627907,888.744186,894.096774,922.032258,932.758621,934.045977,1051.55556,1039.11111,959.953717,961.132652
19.1,1015.2,1027.2,920.031008,895.937984,903.145161,931.048387,934.206897,930.436782,1057.75926,1045.18519,966.068465,965.961668
19.2,1020.67027,1032.67027,928.434109,903.131783,912.193548,940.064516,935.655172,926.827586,1063.96296,1051.25926,972.183213,970.790683
19.3,1026.14054,1038.14054,936.837209,910.325581,921.241935,949.080645,937.103448,923.218391,1070.16667,1057.33333,978.29796,975.619698
19.4,1031.61081,1043.61081,945.24031,917.51938,930.290323,958.096774,938.551724,919.609195,1076.37037,1063.40741,984.412708,980.448714
19.5,1037.08108,1049.08108,953.643411,924.713178,939.33871,967.112903,940,916,1082.57407,1069.48148,990.527455,985.277729
19.6,1042.55135,1054.55135,962.046512,931.906977,948.387097,976.129032,946.47619,922.285714,1088.77778,1075.55556,997.647786,992.085726
19.7,1048.02162,1060.02162,970.449612,939.100775,957.435484,985.145161,952.952381,928.571429,1094.98148,1081.62963,1004.76812,998.893723
19.8,1053.49189,1065.49189,978.852713,946.294574,966.483871,994.16129,959.428571,934.857143,1101.18519,1087.7037,1011.88845,1005.70172
19.9,1058.96216,1070.96216,987.255814,953.488372,975.532258,1003.17742,965.904762,941.142857,1107.38889,1093.77778,1019.00878,1012.50972
20,1064.43243,1076.43243,995.658915,960.682171,984.580645,1012.19355,972.380952,947.428571,1113.59259,1099.85185,1026.12911,1019.31771
20.1,1069.9027,1081.9027,1004.06202,967.875969,993.629032,1021.20968,978.857143,953.714286,1119.7963,1105.92593,1033.24944,1026.12571
20.2,1075.37297,1087.37297,1012.46512,975.069767,1002.67742,1030.22581,985.333333,960,1126,1112,1040.36977,1032.93371
20.3,1080.84324,1092.84324,1020.86822,982.263566,1011.72581,1039.24194,991.809524,966.285714,1132.2037,1118.07407,1047.4901,1039.74171
20.4,1086.31351,1098.31351,1029.27132,989.457364,1020.77419,1048.25806,998.285714,972.571429,1138.40741,1124.14815,1054.61043,1046.5497
20.5,1091.78378,1103.78378,1037.67442,996.651163,1029.82258,1057.27419,1004.7619,978.857143,1144.61111,1130.22222,1061.73076,1053.3577
20.6,1097.25405,1109.25405,1046.07752,1003.84496,1038.87097,1066.29032,1011.2381,985.142857,1150.81481,1136.2963,1068.85109,1060.1657
20.7,1102.72432,1114.72432,1054.48062,1011.03876,1047.91935,1075.30645,1017.71429,991.428571,1157.01852,1142.37037,1075.97142,1066.9737
20.8,1108.19459,1120.19459,1062.88372,1018.23256,1056.96774,1084.32258,1024.19048,997.714286,1163.22222,1148.44444,1083.09175,1073.78169
20.9,1113.66486,1125.66486,1071.28682,1025.42636,1066.01613,1093.33871,1030.66667,1004,1169.42593,1154.51852,1090.21208,1080.58969
21,1119.13514,1131.13514,1079.68992,1032.62016,1075.06452,1102.35484,1037.14286,1010.28571,1175.62963,1160.59259,1097.33241,1087.39769
21.1,1124.60541,1136.60541,1088.09302,1039.81395,1084.1129,1111.37097,1043.61905,1016.57143,1181.83333,1166.66667,1104.45274,1094.20568
21.2,1130.07568,1142.07568,1096.49612,1047.00775,1093.16129,1120.3871,1050.09524,1022.85714,1188.03704,1172.74074,1111.57307,1101.01368
21.3,1135.54595,1147.54595,1104.89922,1054.20155,1102.20968,1129.40323,1056.57143,1029.14286,1194.24074,1178.81481,1118.6934,1107.82168
21.4,1141.01622,1153.01622,1113.30233,1061.39535,1111.25806,1138.41935,1063.04762,1035.42857,1200.44444,1184.88889,1125.81373,1114.62968
21.5,1146.48649,1158.48649,1121.70543,1068.58915,1120.30645,1147.43548,1069.52381,1041.71429,1206.64815,1190.96296,1132.93406,1121.43767
21.6,1151.95676,1163.95676,1130.10853,1075.78295,1129.35484,1156.45161,1076,1048,1212.85185,1197.03704,1140.05439,1128.24567
21.7,1157.42703,1169.42703,1138.51163,1082.97674,1138.40323,1165.46774,1083.44681,1055.57447,1219.05556,1203.11111,1147.36885,1135.31142
21.8,1162.8973,1174.8973,1146.91473,1090.17054,1147.45161,1174.48387,1090.89362,1063.14894,1225.25926,1209.18519,1154.6833,1142.37717
21.9,1168.36757,1180.36757,1155.31783,1097.36434,1156.5,1183.5,1098.34043,1070.7234,1231.46296,1215.25926,1161.99776,1149.44291
22,1173.83784,1185.83784,1163.72093,1104.55814,1165.54839,1192.51613,1105.78723,1078.29787,1237.66667,1221.33333,1169.31221,1156.50866
22.1,1179.30811,1191.30811,1172.12403,1111.75194,1174.59677,1201.53226,1113.23404,1085.87234,1243.87037,1227.40741,1176.62667,1163.57441
22.2,1184.77838,1196.77838,1180.52713,1118.94574,1183.64516,1210.54839,1120.68085,1093.44681,1250.07407,1233.48148,1183.94112,1170.64016
22.3,1190.24865,1202.24865,1188.93023,1126.13953,1192.69355,1219.56452,1128.12766,1101.02128,1256.27778,1239.55556,1191.25557,1177.70591
22.4,1195.71892,1207.71892,1197.33333,1133.33333,1201.74194,1228.58065,1135.57447,1108.59574,1262.48148,1245.62963,1198.57003,1184.77165
22.5,1201.18919,1213.18919,1205.73643,1140.52713,1210.79032,1237.59677,1143.02128,1116.17021,1268.68519,1251.7037,1205.88448,1191.8374
22.6,1206.65946,1218.65946,1214.13953,1147.72093,1219.83871,1246.6129,1150.46809,1123.74468,1274.88889,1257.77778,1213.19894,1198.90315
22.7,1212.12973,1224.12973,1222.54264,1154.91473,1228.8871,1255.62903,1157.91489,1131.31915,1281.09259,1263.85185,1220.51339,1205.9689
22.8,1217.6,1229.6,1230.94574,1162.10853,1237.93548,1264.64516,1165.3617,1138.89362,1287.2963,1269.92593,1227.82784,1213.03465
22.9,1223.07027,1235.07027,1239.34884,1169.30233,1246.98387,1273.66129,1172.80851,1146.46809,1293.5,1276,1235.1423,1220.10039
23,1228.54054,1240.54054,1247.75194,1176.49612,1256.03226,1282.67742,1180.25532,1154.04255,1299.7037,1282.07407,1242.45675,1227.16614
23.1,1234.01081,1246.01081,1256.15504,1183.68992,1265.08065,1291.69355,1187.70213,1161.61702,1305.90741,1288.14815,1249.77121,1234.23189
23.2,1239.48108,1251.48108,1264.55814,1190.88372,1274.12903,1300.70968,1195.14894,1169.19149,1312.11111,1294.22222,1257.08566,1241.29764
23.3,1244.95135,1256.95135,1272.96124,1198.07752,1283.17742,1309.72581,1202.59574,1176.76596,1318.31481,1300.2963,1264.40011,1248.36339
23.4,1250.42162,1262.42162,1281.36434,1205.27132,1292.22581,1318.74194,1210.04255,1184.34043,1324.51852,1306.37037,1271.71457,1255.42913
23.5,1255.89189,1267.89189,1289.76744,1212.46512,1301.27419,1327.75806,1217.48936,1191.91489,1330.72222,1312.44444,1279.02902,1262.49488
23.6,1261.36216,1273.36216,1298.17054,1219.65891,1310.32258,1336.77419,1224.93617,1199.48936,1336.92593,1318.51852,1286.34348,1269.56063
23.7,1266.83243,1278.83243,1306.57364,1226.85271,1319.37097,1345.79032,1232.38298,1207.06383,1343.12963,1324.59259,1293.65793,1276.62638
23.8,1272.3027,1284.3027,1314.97674,1234.04651,1328.41935,1354.80645,1239.82979,1214.6383,1349.33333,1330.66667,1300.97238,1283.69213
23.9,1277.77297,1289.77297,1323.37984,1241.24031,1337.46774,1363.82258,1247.2766,1222.21277,1355.53704,1336.74074,1308.28684,1290.75787
24,1283.24324,1295.24324,1331.78295,1248.43411,1346.51613,1372.83871,1254.7234,1229.78723,1361.74074,1342.81481,1315.60129,1297.82362
24.1,1288.71351,1300.71351,1340.18605,1255.62791,1355.56452,1381.85484,1262.17021,1237.3617,1367.94444,1348.88889,1322.91575,1304.88937
24.2,1294.18378,1306.18378,1348.58915,1262.82171,1364.6129,1390.87097,1269.61702,1244.93617,1374.14815,1354.96296,1330.2302,1311.95512
24.3,1299.65405,1311.65405,1356.99225,1270.0155,1373.66129,1399.8871,1277.06383,1252.51064,1380.35185,1361.03704,1337.54465,1319.02087
24.4,1305.12432,1317.12432,1365.39535,1277.2093,1382.70968,1408.90323,1284.51064,1260.08511,1386.55556,1367.11111,1344.85911,1326.08661
24.5,1310.59459,1322.59459,1373.79845,1284.4031,1391.75806,1417.91935,1291.95745,1267.65957,1392.75926,1373.18519,1352.17356,1333.15236
24.6,1316.06486,1328.06486,1382.20155,1291.5969,1400.80645,1426.93548,1299.40426,1275.23404,1398.96296,1379.25926,1359.48802,1340.21811
24.7,1321.53514,1333.53514,1390.60465,1298.7907,1409.85484,1435.95161,1306.85106,1282.80851,1405.16667,1385.33333,1366.80247,1347.28386
24.8,1327.00541,1339.00541,1399.00775,1305.9845,1418.90323,1444.96774,1314.29787,1290.38298,1411.37037,1391.40741,1374.11693,1354.34961
24.9,1332.47568,1344.47568,1407.41085,1313.17829,1427.95161,1453.98387,1321.74468,1297.95745,1417.57407,1397.48148,1381.43138,1361.41535
25,1337.94595,1349.94595,1415.81395,1320.37209,1437,1463,1329.19149,1305.53191,1423.77778,1403.55556,1388.74583,1368.4811
25.1,1343.41622,1355.41622,1424.21705,1327.56589,1446.04839,1472.01613,1336.6383,1313.10638,1429.98148,1409.62963,1396.06029,1375.54685
25.2,1348.88649,1360.88649,1432.62016,1334.75969,1455.09677,1481.03226,1344.08511,1320.68085,1436.18519,1415.7037,1403.37474,1382.6126
25.3,1354.35676,1366.35676,1441.02326,1341.95349,1464.14516,1490.04839,1351.53191,1328.25532,1442.38889,1421.77778,1410.6892,1389.67835
25.4,1359.82703,1371.82703,1449.42636,1349.14729,1473.19355,1499.06452,1358.97872,1335.82979,1448.59259,1427.85185,1418.00365,1396.74409
25.5,1365.2973,1377.2973,1457.82946,1356.34109,1482.24194,1508.08065,1366.42553,1343.40426,1454.7963,1433.92593,1425.3181,1403.80984
25.6,1370.76757,1382.76757,1466.23256,1363.53488,1491.29032,1517.09677,1373.87234,1350.97872,1461,1440,1432.63256,1410.87559
25.7,1376.23784,1388.23784,1474.63566,1370.72868,1500.33871,1526.1129,1381.31915,1358.55319,1467.2037,1446.07407,1439.94701,1417.94134
25.8,1381.70811,1393.70811,1483.03876,1377.92248,1509.3871,1535.12903,1388.76596,1366.12766,1473.40741,1452.14815,1447.26147,1425.00709
25.9,1387.17838,1399.17838,1491.44186,1385.11628,1518.43548,1544.14516,1396.21277,1373.70213,1479.61111,1458.22222,1454.57592,1432.07283
26,1392.64865,1404.64865,1499.84496,1392.31008,1527.48387,1553.16129,1403.65957,1381.2766,1485.81481,1464.2963,1461.89037,1439.13858
26.1,1398.11892,1410.11892,1508.24806,1399.50388,1536.53226,1562.17742,1411.10638,1388.85106,1492.01852,1470.37037,1469.20483,1446.20433
26.2,1403.58919,1415.58919,1516.65116,1406.69767,1545.58065,1571.19355,1418.55319,1396.42553,1498.22222,1476.44444,1476.51928,1453.27008
26.3,1409.05946,1421.05946,1525.05426,1413.89147,1554.62903,1580.20968,1426,1404,1504.42593,1482.51852,1483.83374,1460.33583
26.4,1414.52973,1426.52973,1533.45736,1421.08527,1563.67742,1589.22581,1433.44681,1411.57447,1510.62963,1488.59259,1491.14819,1467.40157
26.5,1420,1432,1541.86047,1428.27907,1572.72581,1598.24194,1440.89362,1419.14894,1516.83333,1494.66667,1498.46264,1474.46732
26.6,1427.80952,1439.61905,1550.26357,1435.47287,1581.77419,1607.25806,1448.34043,1426.7234,1523.03704,1500.74074,1506.24495,1481.96283
26.7,1435.61905,1447.2381,1558.66667,1442.66667,1590.82258,1616.27419,1455.78723,1434.29787,1529.24074,1506.81481,1514.02725,1489.45833
26.8,1443.42857,1454.85714,1567.06977,1449.86047,1599.87097,1625.29032,1463.23404,1441.87234,1535.44444,1512.88889,1521.80956,1496.95383
26.9,1451.2381,1462.47619,1575.47287,1457.05426,1608.91935,1634.30645,1470.68085,1449.44681,1541.64815,1518.96296,1529.59186,1504.44934
27,1459.04762,1470.09524,1583.87597,1464.24806,1617.96774,1643.32258,1478.12766,1457.02128,1547.85185,1525.03704,1537.37417,1511.94484
27.1,1466.85714,1477.71429,1592.27907,1471.44186,1627.01613,1652.33871,1485.57447,1464.59574,1554.05556,1531.11111,1545.15647,1519.44034
27.2,1474.66667,1485.33333,1600.68217,1478.63566,1636.06452,1661.35484,1493.02128,1472.17021,1560.25926,1537.18519,1552.93878,1526.93585
27.3,1482.47619,1492.95238,1609.08527,1485.82946,1645.1129,1670.37097,1500.46809,1479.74468,1566.46296,1543.25926,1560.72108,1534.43135
27.4,1490.28571,1500.57143,1617.48837,1493.02326,1654.16129,1679.3871,1507.91489,1487.31915,1572.66667,1549.33333,1568.50339,1541.92685
27.5,1498.09524,1508.19048,1625.89147,1500.21705,1663.20968,1688.40323,1515.3617,1494.89362,1578.87037,1555.40741,1576.28569,1549.42236
27.6,1505.90476,1515.80952,1634.29457,1507.41085,1672.25806,1697.41935,1522.80851,1502.46809,1585.07407,1561.48148,1584.068,1556.91786
27.7,1513.71429,1523.42857,1642.69767,1514.60465,1681.30645,1706.43548,1530.25532,1510.04255,1591.27778,1567.55556,1591.8503,1564.41336
27.8,1521.52381,1531.04762,1651.10078,1521.79845,1690.35484,1715.45161,1537.70213,1517.61702,1597.48148,1573.62963,1599.63261,1571.90887
27.9,1529.33333,1538.66667,1659.50388,1528.99225,1699.40323,1724.46774,1545.14894,1525.19149,1603.68519,1579.7037,1607.41491,1579.40437
28,1537.14286,1546.28571,1667.90698,1536.18605,1708.45161,1733.48387,1552.59574,1532.76596,1609.88889,1585.77778,1615.19722,1586.89987
28.1,1544.95238,1553.90476,1676.31008,1543.37984,1717.5,1742.5,1560.04255,1540.34043,1616.09259,1591.85185,1622.97952,1594.39538
28.2,1552.7619,1561.52381,1684.71318,1550.57364,1726.54839,1751.51613,1567.48936,1547.91489,1622.2963,1597.92593,1630.76183,1601.89088
28.3,1560.57143,1569.14286,1693.11628,1557.76744,1735.59677,1760.53226,1574.93617,1555.48936,1628.5,1604,1638.54413,1609.38638
28.4,1568.38095,1576.7619,1701.51938,1564.96124,1744.64516,1769.54839,1582.38298,1563.06383,1634.7037,1610.07407,1646.32644,1616.88189
28.5,1576.19048,1584.38095,1709.92248,1572.15504,1753.69355,1778.56452,1589.82979,1570.6383,1640.90741,1616.14815,1654.10874,1624.37739
28.6,1584,1592,1718.32558,1579.34884,1762.74194,1787.58065,1597.2766,1578.21277,1647.11111,1622.22222,1661.89104,1631.87289
28.7,1593.61905,1601.80952,1726.72868,1586.54264,1771.79032,1796.59677,1604.7234,1585.78723,1653.31481,1628.2963,1670.03525,1639.80649
28.8,1603.2381,1611.61905,1735.13178,1593.73643,1780.83871,1805.6129,1612.17021,1593.3617,1659.51852,1634.37037,1678.17946,1647.74009
28.9,1612.85714,1621.42857,1743.53488,1600.93023,1789.8871,1814.62903,1619.61702,1600.93617,1665.72222,1640.44444,1686.32367,1655.67369
29,1622.47619,1631.2381,1751.93798,1608.12403,1798.93548,1823.64516,1627.06383,1608.51064,1671.92593,1646.51852,1694.46788,1663.60729
29.1,1632.09524,1641.04762,1760.34109,1615.31783,1807.98387,1832.66129,1634.51064,1616.08511,1678.12963,1652.59259,1702.61209,1671.54089
29.2,1641.71429,1650.85714,1768.74419,1622.51163,1817.03226,1841.67742,1641.95745,1623.65957,1684.33333,1658.66667,1710.7563,1679.47449
29.3,1651.33333,1660.66667,1777.14729,1629.70543,1826.08065,1850.69355,1649.40426,1631.23404,1690.53704,1664.74074,1718.90051,1687.40808
29.4,1660.95238,1670.47619,1785.55039,1636.89922,1835.12903,1859.70968,1656.85106,1638.80851,1696.74074,1670.81481,1727.04472,1695.34168
29.5,1670.57143,1680.28571,1793.95349,1644.09302,1844.17742,1868.72581,1664.29787,1646.38298,1702.94444,1676.88889,1735.18893,1703.27528
29.6,1680.19048,1690.09524,1802.35659,1651.28682,1853.22581,1877.74194,1671.74468,1653.95745,1709.14815,1682.96296,1743.33314,1711.20888
29.7,1689.80952,1699.90476,1810.75969,1658.48062,1862.27419,1886.75806,1679.19149,1661.53191,1715.35185,1689.03704,1751.47735,1719.14248
29.8,1699.42857,1709.71429,1819.16279,1665.67442,1871.32258,1895.77419,1686.6383,1669.10638,1721.55556,1695.11111,1759.62156,1727.07608
29.9,1709.04762,1719.52381,1827.56589,1672.86822,1880.37097,1904.79032,1694.08511,1676.68085,1727.75926,1701.18519,1767.76577,1735.00968
30,1718.66667,1729.33333,1835.96899,1680.06202,1889.41935,1913.80645,1701.53191,1684.25532,1733.96296,1707.25926,1775.90998,1742.94328
30.1,1728.28571,1739.14286,1844.37209,1687.25581,1898.46774,1922.82258,1708.97872,1691.82979,1740.16667,1713.33333,1784.05419,1750.87687
30.2,1737.90476,1748.95238,1852.77519,1694.44961,1907.51613,1931.83871,1716.42553,1699.40426,1746.37037,1719.40741,1792.1984,1758.81047
30.3,1747.52381,1758.7619,1861.17829,1701.64341,1916.56452,1940.85484,1723.87234,1706.97872,1752.57407,1725.48148,1800.34261,1766.74407
30.4,1757.14286,1768.57143,1869.5814,1708.83721,1925.6129,1949.87097,1731.31915,1714.55319,1758.77778,1731.55556,1808.48682,1774.67767
30.5,1766.7619,1778.38095,1877.9845,1716.03101,1934.66129,1958.8871,1738.76596,1722.12766,1764.98148,1737.62963,1816.63103,1782.61127
30.6,1776.38095,1788.19048,1886.3876,1723.22481,1943.70968,1967.90323,1746.21277,1729.70213,1771.18519,1743.7037,1824.77524,1790.54487
30.7,1786,1798,1894.7907,1730.4186,1952.75806,1976.91935,1753.65957,1737.2766,1777.38889,1749.77778,1832.91945,1798.47847
30.8,1795.61905,1807.80952,1903.1938,1737.6124,1961.80645,1985.93548,1761.10638,1744.85106,1783.59259,1755.85185,1841.06365,1806.41207
30.9,1805.2381,1817.61905,1911.5969,1744.8062,1970.85484,1994.95161,1768.55319,1752.42553,1789.7963,1761.92593,1849.20786,1814.34566
31,1814.85714,1827.42857,1920,1752,1979.90323,2003.96774,1776,1760,1796,1768,1857.35207,1822.27926
31.1,1824.47619,1837.2381,1931.5443,1764.25316,1988.95161,2012.98387,1786.09524,1769.90476,1796,1768,1865.41347,1830.47598
31.2,1834.09524,1847.04762,1943.08861,1776.50633,1998,2022,1796.19048,1779.80952,1796,1768,1873.47486,1838.67269
31.3,1843.71429,1856.85714,1954.63291,1788.75949,2007.04839,2031.01613,1806.28571,1789.71429,1796,1768,1881.53626,1846.86941
31.4,1853.33333,1866.66667,1966.17722,1801.01266,2016.09677,2040.03226,1816.38095,1799.61905,1796,1768,1889.59766,1855.06613
31.5,1862.95238,1876.47619,1977.72152,1813.26582,2025.14516,2049.04839,1826.47619,1809.52381,1796,1768,1897.65905,1863.26284
31.6,1872.57143,1886.28571,1989.26582,1825.51899,2034.19355,2058.06452,1836.57143,1819.42857,1796,1768,1905.72045,1871.45956
31.7,1882.19048,1896.09524,2000.81013,1837.77215,2043.24194,2067.08065,1846.66667,1829.33333,1796,1768,1913.78184,1879.65627
31.8,1891.80952,1905.90476,2012.35443,1850.02532,2052.29032,2076.09677,1856.7619,1839.2381,1796,1768,1921.84324,1887.85299
31.9,1901.42857,1915.71429,2023.89873,1862.27848,2061.33871,2085.1129,1866.85714,1849.14286,1796,1768,1929.90463,1896.04971
32,1911.04762,1925.52381,2035.44304,1874.53165,2070.3871,2094.12903,1876.95238,1859.04762,1796,1768,1937.96603,1904.24642
32.1,1920.66667,1935.33333,2046.98734,1886.78481,2079.43548,2103.14516,1887.04762,1868.95238,1796,1768,1946.02742,1912.44314
32.2,1930.28571,1945.14286,2058.53165,1899.03797,2088.48387,2112.16129,1897.14286,1878.85714,1796,1768,1954.08882,1920.63985
32.3,1939.90476,1954.95238,2070.07595,1911.29114,2097.53226,2121.17742,1907.2381,1888.7619,1796,1768,1962.15021,1928.83657
32.4,1949.52381,1964.7619,2081.62025,1923.5443,2106.58065,2130.19355,1917.33333,1898.66667,1796,1768,1970.21161,1937.03328
32.5,1959.14286,1974.57143,2093.16456,1935.79747,2115.62903,2139.20968,1927.42857,1908.57143,1796,1768,1978.273,1945.23
32.6,1968.7619,1984.38095,2104.70886,1948.05063,2124.67742,2148.22581,1937.52381,1918.47619,1796,1768,1986.3344,1953.42672
32.7,1978.38095,1994.19048,2116.25316,1960.3038,2133.72581,2157.24194,1947.61905,1928.38095,1796,1768,1994.39579,1961.62343
32.8,1988,2004,2127.79747,1972.55696,2142.77419,2166.25806,1957.71429,1938.28571,1796,1768,2002.45719,1969.82015
32.9,1997.61905,2013.80952,2139.34177,1984.81013,2151.82258,2175.27419,1967.80952,1948.19048,1796,1768,2010.51858,1978.01686
33,2007.2381,2023.61905,2150.88608,1997.06329,2160.87097,2184.29032,1977.90476,1958.09524,1796,1768,2018.57998,1986.21358
33.1,2016.85714,2033.42857,2162.43038,2009.31646,2169.91935,2193.30645,1988,1968,1796,1768,2026.64138,1994.4103
33.2,2026.47619,2043.2381,2173.97468,2021.56962,2178.96774,2202.32258,2000.63636,1980.69091,1796,1768,2035.211,2003.16424
33.3,2036.09524,2053.04762,2185.51899,2033.82278,2188.01613,2211.33871,2013.27273,1993.38182,1796,1768,2043.78062,2011.91819
33.4,2045.71429,2062.85714,2197.06329,2046.07595,2197.06452,2220.35484,2025.90909,2006.07273,1796,1768,2052.35024,2020.67213
33.5,2055.33333,2072.66667,2208.60759,2058.32911,2206.1129,2229.37097,2038.54545,2018.76364,1796,1768,2060.91986,2029.42608
33.6,2064.95238,2082.47619,2220.1519,2070.58228,2215.16129,2238.3871,2051.18182,2031.45455,1796,1768,2069.48948,2038.18002
33.7,2074.57143,2092.28571,2231.6962,2082.83544,2224.20968,2247.40323,2063.81818,2044.14545,1796,1768,2078.0591,2046.93397
33.8,2084.19048,2102.09524,2243.24051,2095.08861,2233.25806,2256.41935,2076.45455,2056.83636,1796,1768,2086.62872,2055.68791
33.9,2093.80952,2111.90476,2254.78481,2107.34177,2242.30645,2265.43548,2089.09091,2069.52727,1796,1768,2095.19834,2064.44186
34,2103.42857,2121.71429,2266.32911,2119.59494,2251.35484,2274.45161,2101.72727,2082.21818,1796,1768,2103.76796,2073.1958
34.1,2113.04762,2131.52381,2277.87342,2131.8481,2260.40323,2283.46774,2114.36364,2094.90909,1796,1768,2112.33758,2081.94975
34.2,2122.66667,2141.33333,2289.41772,2144.10127,2269.45161,2292.48387,2127,2107.6,1796,1768,2120.9072,2090.70369
34.3,2132.28571,2151.14286,2300.96203,2156.35443,2278.5,2301.5,2139.63636,2120.29091,1796,1768,2129.47682,2099.45764
34.4,2141.90476,2160.95238,2312.50633,2168.60759,2287.54839,2310.51613,2152.27273,2132.98182,1796,1768,2138.04644,2108.21158
34.5,2151.52381,2170.7619,2324.05063,2180.86076,2296.59677,2319.53226,2164.90909,2145.67273,1796,1768,2146.61606,2116.96553
34.6,2161.14286,2180.57143,2335.59494,2193.11392,2305.64516,2328.54839,2177.54545,2158.36364,1796,1768,2155.18568,2125.71948
34.7,2170.7619,2190.38095,2347.13924,2205.36709,2314.69355,2337.56452,2190.18182,2171.05455,1796,1768,2163.7553,2134.47342
34.8,2180.38095,2200.19048,2358.68354,2217.62025,2323.74194,2346.58065,2202.81818,2183.74545,1796,1768,2172.32492,2143.22737
34.9,2190,2210,2370.22785,2229.87342,2332.79032,2355.59677,2215.45455,2196.43636,1796,1768,2180.89454,2151.98131
35,2199.61905,2219.80952,2381.77215,2242.12658,2341.83871,2364.6129,2228.09091,2209.12727,1796,1768,2189.46416,2160.73526
35.1,2209.2381,2229.61905,2393.31646,2254.37975,2350.8871,2373.62903,2240.72727,2221.81818,1796,1768,2198.03378,2169.4892
35.2,2218.85714,2239.42857,2404.86076,2266.63291,2359.93548,2382.64516,2253.36364,2234.50909,1796,1768,2206.6034,2178.24315
35.3,2228.47619,2249.2381,2416.40506,2278.88608,2368.98387,2391.66129,2266,2247.2,1796,1768,2215.17302,2186.99709
35.4,2238.09524,2259.04762,2427.94937,2291.13924,2378.03226,2400.67742,2278.63636,2259.89091,1796,1768,2223.74265,2195.75104
35.5,2247.71429,2268.85714,2439.49367,2303.39241,2387.08065,2409.69355,2291.27273,2272.58182,1796,1768,2232.31227,2204.50498
35.6,2257.33333,2278.66667,2451.03797,2315.64557,2396.12903,2418.70968,2303.90909,2285.27273,1796,1768,2240.88189,2213.25893
35.7,2266.95238,2288.47619,2462.58228,2327.89873,2405.17742,2427.72581,2316.54545,2297.96364,1796,1768,2249.45151,2222.01287
35.8,2276.57143,2298.28571,2474.12658,2340.1519,2414.22581,2436.74194,2329.18182,2310.65455,1796,1768,2258.02113,2230.76682
35.9,2286.19048,2308.09524,2485.67089,2352.40506,2423.27419,2445.75806,2341.81818,2323.34545,1796,1768,2266.59075,2239.52076
36,2295.80952,2317.90476,2497.21519,2364.65823,2432.32258,2454.77419,2354.45455,2336.03636,1796,1768,2275.16037,2248.27471
36.1,2305.42857,2327.71429,2508.75949,2376.91139,2441.37097,2463.79032,2367.09091,2348.72727,1796,1768,2283.72999,2257.02865
36.2,2315.04762,2337.52381,2520.3038,2389.16456,2450.41935,2472.80645,2379.72727,2361.41818,1796,1768,2292.29961,2265.7826
36.3,2324.66667,2347.33333,2531.8481,2401.41772,2459.46774,2481.82258,2392.36364,2374.10909,1796,1768,2300.86923,2274.53655
36.4,2334.28571,2357.14286,2543.39241,2413.67089,2468.51613,2490.83871,2405,2386.8,1796,1768,2309.43885,2283.29049
36.5,2343.90476,2366.95238,2554.93671,2425.92405,2477.56452,2499.85484,2417.63636,2399.49091,1796,1768,2318.00847,2292.04444
36.6,2353.52381,2376.7619,2566.48101,2438.17722,2486.6129,2508.87097,2430.27273,2412.18182,1796,1768,2326.57809,2300.79838
36.7,2363.14286,2386.57143,2578.02532,2450.43038,2495.66129,2517.8871,2442.90909,2424.87273,1796,1768,2335.14771,2309.55233
36.8,2372.7619,2396.38095,2589.56962,2462.68354,2504.70968,2526.90323,2455.54545,2437.56364,1796,1768,2343.71733,2318.30627
36.9,2382.38095,2406.19048,2601.11392,2474.93671,2513.75806,2535.91935,2468.18182,2450.25455,1796,1768,2352.28695,2327.06022
37,2392,2416,2612.65823,2487.18987,2522.80645,2544.93548,2480.81818,2462.94545,1796,1768,2360.85657,2335.81416
37.1,2403.64286,2427.64286,2624.20253,2499.44304,2531.85484,2553.95161,2493.45455,2475.63636,1796,1768,2369.83095,2344.93477
37.2,2415.28571,2439.28571,2635.74684,2511.6962,2540.90323,2562.96774,2506.09091,2488.32727,1796,1768,2378.80534,2354.05539
37.3,2426.92857,2450.92857,2647.29114,2523.94937,2549.95161,2571.98387,2518.72727,2501.01818,1796,1768,2387.77972,2363.176
37.4,2438.57143,2462.57143,2658.83544,2536.20253,2559,2581,2531.36364,2513.70909,1796,1768,2396.7541,2372.29661
37.5,2450.21429,2474.21429,2670.37975,2548.4557,2568.04839,2590.01613,2544,2526.4,1796,1768,2405.72848,2381.41722
37.6,2461.85714,2485.85714,2681.92405,2560.70886,2577.09677,2599.03226,2556.63636,2539.09091,1796,1768,2414.70287,2390.53783
37.7,2473.5,2497.5,2693.46835,2572.96203,2586.14516,2608.04839,2569.27273,2551.78182,1796,1768,2423.67725,2399.65845
37.8,2485.14286,2509.14286,2705.01266,2585.21519,2595.19355,2617.06452,2581.90909,2564.47273,1796,1768,2432.65163,2408.77906
37.9,2496.78571,2520.78571,2716.55696,2597.46835,2604.24194,2626.08065,2594.54545,2577.16364,1796,1768,2441.62601,2417.89967
38,2508.42857,2532.42857,2728.10127,2609.72152,2613.29032,2635.09677,2607.18182,2589.85455,1796,1768,2450.6004,2427.02028
38.1,2520.07143,2544.07143,2739.64557,2621.97468,2622.33871,2644.1129,2619.81818,2602.54545,1796,1768,2459.57478,2436.14089
38.2,2531.71429,2555.71429,2751.18987,2634.22785,2631.3871,2653.12903,2632.45455,2615.23636,1796,1768,2468.54916,2445.26151
38.3,2543.35714,2567.35714,2762.73418,2646.48101,2640.43548,2662.14516,2645.09091,2627.92727,1796,1768,2477.52354,2454.38212
38.4,2555,2579,2774.27848,2658.73418,2649.48387,2671.16129,2657.72727,2640.61818,1796,1768,2486.49792,2463.50273
38.5,2566.64286,2590.64286,2785.82278,2670.98734,2658.53226,2680.17742,2670.36364,2653.30909,1796,1768,2495.47231,2472.62334
38.6,2578.28571,2602.28571,2797.36709,2683.24051,2667.58065,2689.19355,2683,2666,1796,1768,2504.44669,2481.74395
38.7,2589.92857,2613.92857,2808.91139,2695.49367,2676.62903,2698.20968,2695.63636,2678.69091,1796,1768,2513.42107,2490.86457
38.8,2601.57143,2625.57143,2820.4557,2707.74684,2685.67742,2707.22581,2708.27273,2691.38182,1796,1768,2522.39545,2499.98518
38.9,2613.21429,2637.21429,2832,2720,2694.72581,2716.24194,2720.90909,2704.07273,1796,1768,2531.36984,2509.10579
39,2624.85714,2648.85714,2843.5443,2732.25316,2703.77419,2725.25806,2733.54545,2716.76364,1796,1768,2540.34422,2518.2264
39.1,2636.5,2660.5,2855.08861,2744.50633,2712.82258,2734.27419,2746.18182,2729.45455,1796,1768,2549.3186,2527.34701
39.2,2648.14286,2672.14286,2866.63291,2756.75949,2721.87097,2743.29032,2758.81818,2742.14545,1796,1768,2558.29298,2536.46763
39.3,2659.78571,2683.78571,2878.17722,2769.01266,2730.91935,2752.30645,2771.45455,2754.83636,1796,1768,2567.26737,2545.58824
39.4,2671.42857,2695.42857,2889.72152,2781.26582,2739.96774,2761.32258,2784.09091,2767.52727,1796,1768,2576.24175,2554.70885
39.5,2683.07143,2707.07143,2901.26582,2793.51899,2749.01613,2770.33871,2796.72727,2780.21818,1796,1768,2585.21613,2563.82946
39.6,2694.71429,2718.71429,2912.81013,2805.77215,2758.06452,2779.35484,2809.36364,2792.90909,1796,1768,2594.19051,2572.95007
39.7,2706.35714,2730.35714,2924.35443,2818.02532,2767.1129,2788.37097,2822,2805.6,1796,1768,2603.1649,2582.07069
39.8,2718,2742,2935.89873,2830.27848,2776.16129,2797.3871,2834.63636,2818.29091,1796,1768,2612.13928,2591.1913
39.9,2729.64286,2753.64286,2947.44304,2842.53165,2785.20968,2806.40323,2847.27273,2830.98182,1796,1768,2621.11366,2600.31191
40,2741.28571,2765.28571,2958.98734,2854.78481,2794.25806,2815.41935,2859.90909,2843.67273,1796,1768,2630.08804,2609.43252
40.1,2752.92857,2776.92857,2970.53165,2867.03797,2803.30645,2824.43548,2872.54545,2856.36364,1796,1768,2639.06242,2618.55313
40.2,2764.57143,2788.57143,2982.07595,2879.29114,2812.35484,2833.45161,2885.18182,2869.05455,1796,1768,2648.03681,2627.67375
40.3,2776.21429,2800.21429,2993.62025,2891.5443,2821.40323,2842.46774,2897.81818,2881.74545,1796,1768,2657.01119,2636.79436
40.4,2787.85714,2811.85714,3005.16456,2903.79747,2830.45161,2851.48387,2910.45455,2894.43636,1796,1768,2665.98557,2645.91497
40.5,2799.5,2823.5,3016.70886,2916.05063,2839.5,2860.5,2923.09091,2907.12727,1796,1768,2674.95995,2655.03558
40.6,2811.14286,2835.14286,3028.25316,2928.3038,2848.54839,2869.51613,2935.72727,2919.81818,1796,1768,2683.93434,2664.15619
40.7,2822.78571,2846.78571,3039.79747,2940.55696,2857.59677,2878.53226,2948.36364,2932.50909,1796,1768,2692.90872,2673.27681
40.8,2834.42857,2858.42857,3051.34177,2952.81013,2866.64516,2887.54839,2961,2945.2,1796,1768,2701.8831,2682.39742
40.9,2846.07143,2870.07143,3062.88608,2965.06329,2875.69355,2896.56452,2973.63636,2957.89091,1796,1768,2710.85748,2691.51803
41,2857.71429,2881.71429,3074.43038,2977.31646,2884.74194,2905.58065,2986.27273,2970.58182,1796,1768,2719.83187,2700.63864
41.1,2869.35714,2893.35714,3085.97468,2989.56962,2893.79032,2914.59677,2998.90909,2983.27273,1796,1768,2728.80625,2709.75925
41.2,2881,2905,3097.51899,3001.82278,2902.83871,2923.6129,3011.54545,2995.96364,1796,1768,2737.78063,2718.87986
41.3,2892.64286,2916.64286,3109.06329,3014.07595,2911.8871,2932.62903,3024.18182,3008.65455,1796,1768,2746.75501,2728.00048
41.4,2904.28571,2928.28571,3120.60759,3026.32911,2920.93548,2941.64516,3036.81818,3021.34545,1796,1768,2755.72939,2737.12109
41.5,2915.92857,2939.92857,3132.1519,3038.58228,2929.98387,2950.66129,3049.45455,3034.03636,1796,1768,2764.70378,2746.2417
41.6,2927.57143,2951.57143,3143.6962,3050.83544,2939.03226,2959.67742,3062.09091,3046.72727,1796,1768,2773.67816,2755.36231
41.7,2939.21429,2963.21429,3155.24051,3063.08861,2948.08065,2968.69355,3074.72727,3059.41818,1796,1768,2782.65254,2764.48292
41.8,2950.85714,2974.85714,3166.78481,3075.34177,2957.12903,2977.70968,3087.36364,3072.10909,1796,1768,2791.62692,2773.60354
41.9,2962.5,2986.5,3178.32911,3087.59494,2966.17742,2986.72581,3100,3084.8,1796,1768,2800.60131,2782.72415
42,2974.14286,2998.14286,3189.87342,3099.8481,2975.22581,2995.74194,3112.63636,3097.49091,1796,1768,2809.57569,2791.84476
42.1,2985.78571,3009.78571,3201.41772,3112.10127,2984.27419,3004.75806,3125.27273,3110.18182,1796,1768,2818.55007,2800.96537
42.2,2997.42857,3021.42857,3212.96203,3124.35443,2993.32258,3013.77419,3137.90909,3122.87273,1796,1768,2827.52445,2810.08598
42.3,3009.07143,3033.07143,3224.50633,3136.60759,3002.37097,3022.79032,3150.54545,3135.56364,1796,1768,2836.49884,2819.2066
42.4,3020.71429,3044.71429,3236.05063,3148.86076,3011.41935,3031.80645,3163.18182,3148.25455,1796,1768,2845.47322,2828.32721
42.5,3032.35714,3056.35714,3247.59494,3161.11392,3020.46774,3040.82258,3175.81818,3160.94545,1796,1768,2854.4476,2837.44782
42.6,3044,3068,3259.13924,3173.36709,3029.51613,3049.83871,3188.45455,3173.63636,1796,1768,2863.42198,2846.56843
42.7,3057.71429,3082.09524,3270.68354,3185.62025,3038.56452,3058.85484,3201.09091,3186.32727,1796,1768,2872.81065,2856.17952
42.8,3071.42857,3096.19048,3282.22785,3197.87342,3047.6129,3067.87097,3213.72727,3199.01818,1796,1768,2882.19932,2865.79061
42.9,3085.14286,3110.28571,3293.77215,3210.12658,3056.66129,3076.8871,3226.36364,3211.70909,1796,1768,2891.58799,2875.4017
43,3098.85714,3124.38095,3305.31646,3222.37975,3065.70968,3085.90323,3239,3224.4,1796,1768,2900.97666,2885.01279
43.1,3112.57143,3138.47619,3316.86076,3234.63291,3074.75806,3094.91935,3251.63636,3237.09091,1796,1768,2910.36532,2894.62387
43.2,3126.28571,3152.57143,3328.40506,3246.88608,3083.80645,3103.93548,3264.27273,3249.78182,1796,1768,2919.75399,2904.23496
43.3,3140,3166.66667,3339.94937,3259.13924,3092.85484,3112.95161,3276.90909,3262.47273,1796,1768,2929.14266,2913.84605
43.4,3153.71429,3180.7619,3351.49367,3271.39241,3101.90323,3121.96774,3289.54545,3275.16364,1796,1768,2938.53133,2923.45714
43.5,3167.42857,3194.85714,3363.03797,3283.64557,3110.95161,3130.98387,3302.18182,3287.85455,1796,1768,2947.92,2933.06823
43.6,3181.14286,3208.95238,3374.58228,3295.89873,3120,3140,3314.81818,3300.54545,1796,1768,2957.30866,2942.67931
43.7,3194.85714,3223.04762,3386.12658,3308.1519,3134.75325,3154.83117,3327.45455,3313.23636,1796,1768,2967.8383,2953.45341
43.8,3208.57143,3237.14286,3397.67089,3320.40506,3149.50649,3169.66234,3340.09091,3325.92727,1796,1768,2978.36794,2964.22751
43.9,3222.28571,3251.2381,3409.21519,3332.65823,3164.25974,3184.49351,3352.72727,3338.61818,1796,1768,2988.89758,2975.0016
44,3236,3265.33333,3420.75949,3344.91139,3179.01299,3199.32468,3365.36364,3351.30909,1796,1768,2999.42722,2985.7757
44.1,3249.71429,3279.42857,3432.3038,3357.16456,3193.76623,3214.15584,3378,3364,1796,1768,3009.95686,2996.54979
44.2,3263.42857,3293.52381,3443.8481,3369.41772,3208.51948,3228.98701,3390.63636,3376.69091,1796,1768,3020.4865,3007.32389
44.3,3277.14286,3307.61905,3455.39241,3381.67089,3223.27273,3243.81818,3403.27273,3389.38182,1796,1768,3031.01614,3018.09799
44.4,3290.85714,3321.71429,3466.93671,3393.92405,3238.02597,3258.64935,3415.90909,3402.07273,1796,1768,3041.54578,3028.87208
44.5,3304.57143,3335.80952,3478.48101,3406.17722,3252.77922,3273.48052,3428.54545,3414.76364,1796,1768,3052.07542,3039.64618
44.6,3318.28571,3349.90476,3490.02532,3418.43038,3267.53247,3288.31169,3441.18182,3427.45455,1796,1768,3062.60506,3050.42028
44.7,3332,3364,3501.56962,3430.68354,3282.28571,3303.14286,3453.81818,3440.14545,1796,1768,3073.1347,3061.19437
44.8,3347.21311,3379.56284,3513.11392,3442.93671,3297.03896,3317.97403,3466.45455,3452.83636,1796,1768,3083.96411,3072.26199
44.9,3362.42623,3395.12568,3524.65823,3455.18987,3311.79221,3332.80519,3479.09091,3465.52727,1796,1768,3094.79351,3083.3296
45,3377.63934,3410.68852,3536.20253,3467.44304,3326.54545,3347.63636,3491.72727,3478.21818,1796,1768,3105.62292,3094.39722
45.1,3392.85246,3426.25137,3547.74684,3479.6962,3341.2987,3362.46753,3504.36364,3490.90909,1796,1768,3116.45233,3105.46484
45.2,3408.06557,3441.81421,3559.29114,3491.94937,3356.05195,3377.2987,3517,3503.6,1796,1768,3127.28173,3116.53246
45.3,3423.27869,3457.37705,3570.83544,3504.20253,3370.80519,3392.12987,3529.63636,3516.29091,1796,1768,3138.11114,3127.60007
45.4,3438.4918,3472.93989,3582.37975,3516.4557,3385.55844,3406.96104,3542.27273,3528.98182,1796,1768,3148.94054,3138.66769
45.5,3453.70492,3488.50273,3593.92405,3528.70886,3400.31169,3421.79221,3554.90909,3541.67273,1796,1768,3159.76995,3149.73531
45.6,3468.91803,3504.06557,3605.46835,3540.96203,3415.06494,3436.62338,3567.54545,3554.36364,1796,1768,3170.59936,3160.80292
45.7,3484.13115,3519.62842,3617.01266,3553.21519,3429.81818,3451.45455,3580.18182,3567.05455,1796,1768,3181.42876,3171.87054
45.8,3499.34426,3535.19126,3628.55696,3565.46835,3444.57143,3466.28571,3592.81818,3579.74545,1796,1768,3192.25817,3182.93816
45.9,3514.55738,3550.7541,3640.10127,3577.72152,3459.32468,3481.11688,3605.45455,3592.43636,1796,1768,3203.08757,3194.00577
46,3529.77049,3566.31694,3651.64557,3589.97468,3474.07792,3495.94805,3618.09091,3605.12727,1796,1768,3213.91698,3205.07339
46.1,3544.98361,3581.87978,3663.18987,3602.22785,3488.83117,3510.77922,3630.72727,3617.81818,1796,1768,3224.74638,3216.14101
46.2,3560.19672,3597.44262,3674.73418,3614.48101,3503.58442,3525.61039,3643.36364,3630.50909,1796,1768,3235.57579,3227.20862
46.3,3575.40984,3613.00546,3686.27848,3626.73418,3518.33766,3540.44156,3656,3643.2,1796,1768,3246.4052,3238.27624
46.4,3590.62295,3628.56831,3697.82278,3638.98734,3533.09091,3555.27273,3668.63636,3655.89091,1796,1768,3257.2346,3249.34386
46.5,3605.83607,3644.13115,3709.36709,3651.24051,3547.84416,3570.1039,3681.27273,3668.58182,1796,1768,3268.06401,3260.41147
46.6,3621.04918,3659.69399,3720.91139,3663.49367,3562.5974,3584.93506,3693.90909,3681.27273,1796,1768,3278.89341,3271.47909
46.7,3636.2623,3675.25683,3732.4557,3675.74684,3577.35065,3599.76623,3706.54545,3693.96364,1796,1768,3289.72282,3282.54671
46.8,3651.47541,3690.81967,3744,3688,3592.1039,3614.5974,3719.18182,3706.65455,1796,1768,3300.55222,3293.61432
46.9,3666.68852,3706.38251,3755.5443,3700.25316,3606.85714,3629.42857,3731.81818,3719.34545,1796,1768,3311.38163,3304.68194
47,3681.90164,3721.94536,3767.08861,3712.50633,3621.61039,3644.25974,3744.45455,3732.03636,1796,1768,3322.21104,3315.74956
47.1,3697.11475,3737.5082,3778.63291,3724.75949,3636.36364,3659.09091,3757.09091,3744.72727,1796,1768,3333.04044,3326.81717
47.2,3712.32787,3753.07104,3790.17722,3737.01266,3651.11688,3673.92208,3769.72727,3757.41818,1796,1768,3343.86985,3337.88479
47.3,3727.54098,3768.63388,3801.72152,3749.26582,3665.87013,3688.75325,3782.36364,3770.10909,1796,1768,3354.69925,3348.95241
47.4,3742.7541,3784.19672,3813.26582,3761.51899,3680.62338,3703.58442,3795,3782.8,1796,1768,3365.52866,3360.02002
47.5,3757.96721,3799.75956,3824.81013,3773.77215,3695.37662,3718.41558,3807.63636,3795.49091,1796,1768,3376.35807,3371.08764
47.6,3773.18033,3815.3224,3836.35443,3786.02532,3710.12987,3733.24675,3820.27273,3808.18182,1796,1768,3387.18747,3382.15526
47.7,3788.39344,3830.88525,3847.89873,3798.27848,3724.88312,3748.07792,3832.90909,3820.87273,1796,1768,3398.01688,3393.22288
47.8,3803.60656,3846.44809,3859.44304,3810.53165,3739.63636,3762.90909,3845.54545,3833.56364,1796,1768,3408.84628,3404.29049
47.9,3818.81967,3862.01093,3870.98734,3822.78481,3754.38961,3777.74026,3858.18182,3846.25455,1796,1768,3419.67569,3415.35811
48,3834.03279,3877.57377,3882.53165,3835.03797,3769.14286,3792.57143,3870.81818,3858.94545,1796,1768,3430.50509,3426.42573
48.1,3849.2459,3893.13661,3894.07595,3847.29114,3783.8961,3807.4026,3883.45455,3871.63636,1796,1768,3441.3345,3437.49334
48.2,3864.45902,3908.69945,3905.62025,3859.5443,3798.64935,3822.23377,3896.09091,3884.32727,1796,1768,3452.16391,3448.56096
48.3,3879.67213,3924.2623,3917.16456,3871.79747,3813.4026,3837.06494,3908.72727,3897.01818,1796,1768,3462.99331,3459.62858
48.4,3894.88525,3939.82514,3928.70886,3884.05063,3828.15584,3851.8961,3921.36364,3909.70909,1796,1768,3473.82272,3470.69619
48.5,3910.09836,3955.38798,3940.25316,3896.3038,3842.90909,3866.72727,3934,3922.4,1796,1768,3484.65212,3481.76381
48.6,3925.31148,3970.95082,3951.79747,3908.55696,3857.66234,3881.55844,3946.63636,3935.09091,1796,1768,3495.48153,3492.83143
48.7,3940.52459,3986.51366,3963.34177,3920.81013,3872.41558,3896.38961,3959.27273,3947.78182,1796,1768,3506.31093,3503.89904
48.8,3955.7377,4002.0765,3974.88608,3933.06329,3887.16883,3911.22078,3971.90909,3960.47273,1796,1768,3517.14034,3514.96666
48.9,3970.95082,4017.63934,3986.43038,3945.31646,3901.92208,3926.05195,3984.54545,3973.16364,1796,1768,3527.96975,3526.03428
49,3986.16393,4033.20219,3997.97468,3957.56962,3916.67532,3940.88312,3997.18182,3985.85455,1796,1768,3538.79915,3537.10189
49.1,4001.37705,4048.76503,4009.51899,3969.82278,3931.42857,3955.71429,4009.81818,3998.54545,1796,1768,3549.62856,3548.16951
49.2,4016.59016,4064.32787,4021.06329,3982.07595,3946.18182,3970.54545,4022.45455,4011.23636,1796,1768,3560.45796,3559.23713
49.3,4031.80328,4079.89071,4032.60759,3994.32911,3960.93506,3985.37662,4035.09091,4023.92727,1796,1768,3571.28737,3570.30474
49.4,4047.01639,4095.45355,4044.1519,4006.58228,3975.68831,4000.20779,4047.72727,4036.61818,1796,1768,3582.11678,3581.37236
49.5,4062.22951,4111.01639,4055.6962,4018.83544,3990.44156,4015.03896,4060.36364,4049.30909,1796,1768,3592.94618,3592.43998
49.6,4077.44262,4126.57923,4067.24051,4031.08861,4005.19481,4029.87013,4073,4062,1796,1768,3603.77559,3603.50759
49.7,4092.65574,4142.14208,4078.78481,4043.34177,4019.94805,4044.7013,4085.63636,4074.69091,1796,1768,3614.60499,3614.57521
49.8,4107.86885,4157.70492,4090.32911,4055.59494,4034.7013,4059.53247,4098.27273,4087.38182,1796,1768,3625.4344,3625.64283
49.9,4123.08197,4173.26776,4101.87342,4067.8481,4049.45455,4074.36364,4110.90909,4100.07273,1796,1768,3636.2638,3636.71044
50,4138.29508,4188.8306,4113.41772,4080.10127,4064.20779,4089.19481,4123.54545,4112.76364,1796,1768,3647.09321,3647.77806
50.1,4153.5082,4204.39344,4124.96203,4092.35443,4078.96104,4104.02597,4136.18182,4125.45455,1796,1768,3657.92262,3658.84568
50.2,4168.72131,4219.95628,4136.50633,4104.60759,4093.71429,4118.85714,4148.81818,4138.14545,1796,1768,3668.75202,3669.9133
50.3,4183.93443,4235.51913,4148.05063,4116.86076,4108.46753,4133.68831,4161.45455,4150.83636,1796,1768,3679.58143,3680.98091
50.4,4199.14754,4251.08197,4159.59494,4129.11392,4123.22078,4148.51948,4174.09091,4163.52727,1796,1768,3690.41083,3692.04853
50.5,4214.36066,4266.64481,4171.13924,4141.36709,4137.97403,4163.35065,4186.72727,4176.21818,1796,1768,3701.24024,3703.11615
50.6,4229.57377,4282.20765,4182.68354,4153.62025,4152.72727,4178.18182,4199.36364,4188.90909,1796,1768,3712.06964,3714.18376
50.7,4244.78689,4297.77049,4194.22785,4165.87342,4167.48052,4193.01299,4212,4201.6,1796,1768,3722.89905,3725.25138
50.8,4260,4313.33333,4205.77215,4178.12658,4182.23377,4207.84416,4224.63636,4214.29091,1796,1768,3733.72846,3736.319
50.9,4275.21311,4328.89617,4217.31646,4190.37975,4196.98701,4222.67532,4237.27273,4226.98182,1796,1768,3744.55786,3747.38661
51,4290.42623,4344.45902,4228.86076,4202.63291,4211.74026,4237.50649,4249.90909,4239.67273,1796,1768,3755.38727,3758.45423
51.1,4305.63934,4360.02186,4240.40506,4214.88608,4226.49351,4252.33766,4262.54545,4252.36364,1796,1768,3766.21667,3769.52185
51.2,4320.85246,4375.5847,4251.94937,4227.13924,4241.24675,4267.16883,4275.18182,4265.05455,1796,1768,3777.04608,3780.58946
51.3,4336.06557,4391.14754,4263.49367,4239.39241,4256,4282,4287.81818,4277.74545,1796,1768,3787.87549,3791.65708
51.4,4351.27869,4406.71038,4275.03797,4251.64557,4270.75325,4296.83117,4300.45455,4290.43636,1796,1768,3798.70489,3802.7247
51.5,4366.4918,4422.27322,4286.58228,4263.89873,4285.50649,4311.66234,4313.09091,4303.12727,1796,1768,3809.5343,3813.79231
51.6,4381.70492,4437.83607,4298.12658,4276.1519,4300.25974,4326.49351,4325.72727,4315.81818,1796,1768,3820.3637,3824.85993
51.7,4396.91803,4453.39891,4309.67089,4288.40506,4315.01299,4341.32468,4338.36364,4328.50909,1796,1768,3831.19311,3835.92755
51.8,4412.13115,4468.96175,4321.21519,4300.65823,4329.76623,4356.15584,4351,4341.2,1796,1768,3842.02251,3846.99516
51.9,4427.34426,4484.52459,4332.75949,4312.91139,4344.51948,4370.98701,4363.63636,4353.89091,1796,1768,3852.85192,3858.06278
52,4442.55738,4500.08743,4344.3038,4325.16456,4359.27273,4385.81818,4376.27273,4366.58182,1796,1768,3863.68133,3869.1304
52.1,4457.77049,4515.65027,4355.8481,4337.41772,4374.02597,4400.64935,4388.90909,4379.27273,1796,1768,3874.51073,3880.19801
52.2,4472.98361,4531.21311,4367.39241,4349.67089,4388.77922,4415.48052,4401.54545,4391.96364,1796,1768,3885.34014,3891.26563
52.3,4488.19672,4546.77596,4378.93671,4361.92405,4403.53247,4430.31169,4414.18182,4404.65455,1796,1768,3896.16954,3902.33325
52.4,4503.40984,4562.3388,4390.48101,4374.17722,4418.28571,4445.14286,4426.81818,4417.34545,1796,1768,3906.99895,3913.40086
52.5,4518.62295,4577.90164,4402.02532,4386.43038,4433.03896,4459.97403,4439.45455,4430.03636,1796,1768,3917.82835,3924.46848
52.6,4533.83607,4593.46448,4413.56962,4398.68354,4447.79221,4474.80519,4452.09091,4442.72727,1796,1768,3928.65776,3935.5361
52.7,4549.04918,4609.02732,4425.11392,4410.93671,4462.54545,4489.63636,4464.72727,4455.41818,1796,1768,3939.48717,3946.60372
52.8,4564.2623,4624.59016,4436.65823,4423.18987,4477.2987,4504.46753,4477.36364,4468.10909,1796,1768,3950.31657,3957.67133
52.9,4579.47541,4640.15301,4448.20253,4435.44304,4492.05195,4519.2987,4490,4480.8,1796,1768,3961.14598,3968.73895
53,4594.68852,4655.71585,4459.74684,4447.6962,4506.80519,4534.12987,4502.63636,4493.49091,1796,1768,3971.97538,3979.80657
53.1,4609.90164,4671.27869,4471.29114,4459.94937,4521.55844,4548.96104,4515.27273,4506.18182,1796,1768,3982.80479,3990.87418
53.2,4625.11475,4686.84153,4482.83544,4472.20253,4536.31169,4563.79221,4527.90909,4518.87273,1796,1768,3993.6342,4001.9418
53.3,4640.32787,4702.40437,4494.37975,4484.4557,4551.06494,4578.62338,4540.54545,4531.56364,1796,1768,4004.4636,4013.00942
53.4,4655.54098,4717.96721,4505.92405,4496.70886,4565.81818,4593.45455,4553.18182,4544.25455,1796,1768,4015.29301,4024.07703
53.5,4670.7541,4733.53005,4517.46835,4508.96203,4580.57143,4608.28571,4565.81818,4556.94545,1796,1768,4026.12241,4035.14465
53.6,4685.96721,4749.0929,4529.01266,4521.21519,4595.32468,4623.11688,4578.45455,4569.63636,1796,1768,4036.95182,4046.21227
53.7,4701.18033,4764.65574,4540.55696,4533.46835,4610.07792,4637.94805,4591.09091,4582.32727,1796,1768,4047.78122,4057.27988
53.8,4716.39344,4780.21858,4552.10127,4545.72152,4624.83117,4652.77922,4603.72727,4595.01818,1796,1768,4058.61063,4068.3475
53.9,4731.60656,4795.78142,4563.64557,4557.97468,4639.58442,4667.61039,4616.36364,4607.70909,1796,1768,4069.44004,4079.41512
54,4746.81967,4811.34426,4575.18987,4570.22785,4654.33766,4682.44156,4629,4620.4,1796,1768,4080.26944,4090.48273
54.1,4762.03279,4826.9071,4586.73418,4582.48101,4669.09091,4697.27273,4641.63636,4633.09091,1796,1768,4091.09885,4101.55035
54.2,4777.2459,4842.46995,4598.27848,4594.73418,4683.84416,4712.1039,4654.27273,4645.78182,1796,1768,4101.92825,4112.61797
54.3,4792.45902,4858.03279,4609.82278,4606.98734,4698.5974,4726.93506,4666.90909,4658.47273,1796,1768,4112.75766,4123.68558
54.4,4807.67213,4873.59563,4621.36709,4619.24051,4713.35065,4741.76623,4679.54545,4671.16364,1796,1768,4123.58706,4134.7532
54.5,4822.88525,4889.15847,4632.91139,4631.49367,4728.1039,4756.5974,4692.18182,4683.85455,1796,1768,4134.41647,4145.82082
54.6,4838.09836,4904.72131,4644.4557,4643.74684,4742.85714,4771.42857,4704.81818,4696.54545,1796,1768,4145.24588,4156.88843
54.7,4853.31148,4920.28415,4656,4656,4757.61039,4786.25974,4717.45455,4709.23636,1796,1768,4156.07528,4167.95605
54.8,4868.52459,4935.84699,4672.63492,4673.07937,4772.36364,4801.09091,4730.09091,4721.92727,1796,1768,4167.92281,4179.98891
54.9,4883.7377,4951.40984,4689.26984,4690.15873,4787.11688,4815.92208,4742.72727,4734.61818,1796,1768,4179.77034,4192.02177
55,4898.95082,4966.97268,4705.90476,4707.2381,4801.87013,4830.75325,4755.36364,4747.30909,1796,1768,4191.61787,4204.05462
55.1,4914.16393,4982.53552,4722.53968,4724.31746,4816.62338,4845.58442,4768,4760,1796,1768,4203.4654,4216.08748
55.2,4929.37705,4998.09836,4739.1746,4741.39683,4831.37662,4860.41558,4768,4760,1796,1768,4212.78566,4225.58215
55.3,4944.59016,5013.6612,4755.80952,4758.47619,4846.12987,4875.24675,4768,4760,1796,1768,4222.10591,4235.07683
55.4,4959.80328,5029.22404,4772.44444,4775.55556,4860.88312,4890.07792,4768,4760,1796,1768,4231.42617,4244.5715
55.5,4975.01639,5044.78689,4789.07937,4792.63492,4875.63636,4904.90909,4768,4760,1796,1768,4240.74642,4254.06618
55.6,4990.22951,5060.34973,4805.71429,4809.71429,4890.38961,4919.74026,4768,4760,1796,1768,4250.06668,4263.56085
55.7,5005.44262,5075.91257,4822.34921,4826.79365,4905.14286,4934.57143,4768,4760,1796,1768,4259.38694,4273.05553
55.8,5020.65574,5091.47541,4838.98413,4843.87302,4919.8961,4949.4026,4768,4760,1796,1768,4268.70719,4282.5502
55.9,5035.86885,5107.03825,4855.61905,4860.95238,4934.64935,4964.23377,4768,4760,1796,1768,4278.02745,4292.04488
56,5051.08197,5122.60109,4872.25397,4878.03175,4949.4026,4979.06494,4768,4760,1796,1768,4287.34771,4301.53955
56.1,5066.29508,5138.16393,4888.88889,4895.11111,4964.15584,4993.8961,4768,4760,1796,1768,4296.66796,4311.03423
56.2,5081.5082,5153.72678,4905.52381,4912.19048,4978.90909,5008.72727,4768,4760,1796,1768,4305.98822,4320.5289
56.3,5096.72131,5169.28962,4922.15873,4929.26984,4993.66234,5023.55844,4768,4760,1796,1768,4315.30848,4330.02358
56.4,5111.93443,5184.85246,4938.79365,4946.34921,5008.41558,5038.38961,4768,4760,1796,1768,4324.62873,4339.51826
56.5,5127.14754,5200.4153,4955.42857,4963.42857,5023.16883,5053.22078,4768,4760,1796,1768,4333.94899,4349.01293
56.6,5142.36066,5215.97814,4972.06349,4980.50794,5037.92208,5068.05195,4768,4760,1796,1768,4343.26925,4358.50761
56.7,5157.57377,5231.54098,4988.69841,4997.5873,5052.67532,5082.88312,4768,4760,1796,1768,4352.5895,4368.00228
56.8,5172.78689,5247.10383,5005.33333,5014.66667,5067.42857,5097.71429,4768,4760,1796,1768,4361.90976,4377.49696
56.9,5188,5262.66667,5021.96825,5031.74603,5082.18182,5112.54545,4768,4760,1796,1768,4371.23001,4386.99163
57,5203.21311,5278.22951,5038.60317,5048.8254,5096.93506,5127.37662,4768,4760,1796,1768,4380.55027,4396.48631
57.1,5218.42623,5293.79235,5055.2381,5065.90476,5111.68831,5142.20779,4768,4760,1796,1768,4389.87053,4405.98098
57.2,5233.63934,5309.35519,5071.87302,5082.98413,5126.44156,5157.03896,4768,4760,1796,1768,4399.19078,4415.47566
57.3,5248.85246,5324.91803,5088.50794,5100.06349,5141.19481,5171.87013,4768,4760,1796,1768,4408.51104,4424.97033
57.4,5264.06557,5340.48087,5105.14286,5117.14286,5155.94805,5186.7013,4768,4760,1796,1768,4417.8313,4434.46501
57.5,5279.27869,5356.04372,5121.77778,5134.22222,5170.7013,5201.53247,4768,4760,1796,1768,4427.15155,4443.95968
57.6,5294.4918,5371.60656,5138.4127,5151.30159,5185.45455,5216.36364,4768,4760,1796,1768,4436.47181,4453.45436
57.7,5309.70492,5387.1694,5155.04762,5168.38095,5200.20779,5231.19481,4768,4760,1796,1768,4445.79207,4462.94903
57.8,5324.91803,5402.73224,5171.68254,5185.46032,5214.96104,5246.02597,4768,4760,1796,1768,4455.11232,4472.44371
57.9,5340.13115,5418.29508,5188.31746,5202.53968,5229.71429,5260.85714,4768,4760,1796,1768,4464.43258,4481.93838
58,5355.34426,5433.85792,5204.95238,5219.61905,5244.46753,5275.68831,4768,4760,1796,1768,4473.75284,4491.43306
58.1,5370.55738,5449.42077,5221.5873,5236.69841,5259.22078,5290.51948,4768,4760,1796,1768,4483.07309,4500.92773
58.2,5385.77049,5464.98361,5238.22222,5253.77778,5273.97403,5305.35065,4768,4760,1796,1768,4492.39335,4510.42241
58.3,5400.98361,5480.54645,5254.85714,5270.85714,5288.72727,5320.18182,4768,4760,1796,1768,4501.7136,4519.91708
58.4,5416.19672,5496.10929,5271.49206,5287.93651,5303.48052,5335.01299,4768,4760,1796,1768,4511.03386,4529.41176
58.5,5431.40984,5511.67213,5288.12698,5305.01587,5318.23377,5349.84416,4768,4760,1796,1768,4520.35412,4538.90643
58.6,5446.62295,5527.23497,5304.7619,5322.09524,5332.98701,5364.67532,4768,4760,1796,1768,4529.67437,4548.40111
58.7,5461.83607,5542.79781,5321.39683,5339.1746,5347.74026,5379.50649,4768,4760,1796,1768,4538.99463,4557.89578
58.8,5477.04918,5558.36066,5338.03175,5356.25397,5362.49351,5394.33766,4768,4760,1796,1768,4548.31489,4567.39046
58.9,5492.2623,5573.9235,5354.66667,5373.33333,5377.24675,5409.16883,4768,4760,1796,1768,4557.63514,4576.88513
59,5507.47541,5589.48634,5371.30159,5390.4127,5392,5424,4768,4760,1796,1768,4566.9554,4586.37981
59.1,5522.68852,5605.04918,5387.93651,5407.49206,5392,5424,4768,4760,1796,1768,4573.32501,4592.90825
59.2,5537.90164,5620.61202,5404.57143,5424.57143,5392,5424,4768,4760,1796,1768,4579.69461,4599.43669
59.3,5553.11475,5636.17486,5421.20635,5441.65079,5392,5424,4768,4760,1796,1768,4586.06422,4605.96513
59.4,5568.32787,5651.7377,5437.84127,5458.73016,5392,5424,4768,4760,1796,1768,4592.43383,4612.49357
59.5,5583.54098,5667.30055,5454.47619,5475.80952,5392,5424,4768,4760,1796,1768,4598.80343,4619.02201
59.6,5598.7541,5682.86339,5471.11111,5492.88889,5392,5424,4768,4760,1796,1768,4605.17304,4625.55046
59.7,5613.96721,5698.42623,5487.74603,5509.96825,5392,5424,4768,4760,1796,1768,4611.54265,4632.0789
59.8,5629.18033,5713.98907,5504.38095,5527.04762,5392,5424,4768,4760,1796,1768,4617.91226,4638.60734
59.9,5644.39344,5729.55191,5521.01587,5544.12698,5392,5424,4768,4760,1796,1768,4624.28186,4645.13578
60,5659.60656,5745.11475,5537.65079,5561.20635,5392,5424,4768,4760,1796,1768,4630.65147,4651.66422
60.1,5674.81967,5760.6776,5554.28571,5578.28571,5392,5424,4768,4760,1796,1768,4637.02108,4658.19266
60.2,5690.03279,5776.24044,5570.92063,5595.36508,5392,5424,4768,4760,1796,1768,4643.39068,4664.7211
60.3,5705.2459,5791.80328,5587.55556,5612.44444,5392,5424,4768,4760,1796,1768,4649.76029,4671.24954
60.4,5720.45902,5807.36612,5604.19048,5629.52381,5392,5424,4768,4760,1796,1768,4656.1299,4677.77799
60.5,5735.67213,5822.92896,5620.8254,5646.60317,5392,5424,4768,4760,1796,1768,4662.49951,4684.30643
60.6,5750.88525,5838.4918,5637.46032,5663.68254,5392,5424,4768,4760,1796,1768,4668.86911,4690.83487
60.7,5766.09836,5854.05464,5654.09524,5680.7619,5392,5424,4768,4760,1796,1768,4675.23872,4697.36331
60.8,5781.31148,5869.61749,5670.73016,5697.84127,5392,5424,4768,4760,1796,1768,4681.60833,4703.89175
60.9,5796.52459,5885.18033,5687.36508,5714.92063,5392,5424,4768,4760,1796,1768,4687.97793,4710.42019
61,5811.7377,5900.74317,5704,5732,5392,5424,4768,4760,1796,1768,4694.34754,4716.94863
61.1,5826.95082,5916.30601,5720.63492,5749.07937,5392,5424,4768,4760,1796,1768,4700.71715,4723.47708
61.2,5842.16393,5931.86885,5737.26984,5766.15873,5392,5424,4768,4760,1796,1768,4707.08676,4730.00552
61.3,5857.37705,5947.43169,5753.90476,5783.2381,5392,5424,4768,4760,1796,1768,4713.45636,4736.53396
61.4,5872.59016,5962.99454,5770.53968,5800.31746,5392,5424,4768,4760,1796,1768,4719.82597,4743.0624
61.5,5887.80328,5978.55738,5787.1746,5817.39683,5392,5424,4768,4760,1796,1768,4726.19558,4749.59084
61.6,5903.01639,5994.12022,5803.80952,5834.47619,5392,5424,4768,4760,1796,1768,4732.56518,4756.11928
61.7,5918.22951,6009.68306,5820.44444,5851.55556,5392,5424,4768,4760,1796,1768,4738.93479,4762.64772
61.8,5933.44262,6025.2459,5837.07937,5868.63492,5392,5424,4768,4760,1796,1768,4745.3044,4769.17616
61.9,5948.65574,6040.80874,5853.71429,5885.71429,5392,5424,4768,4760,1796,1768,4751.674,4775.70461
62,5963.86885,6056.37158,5870.34921,5902.79365,5392,5424,4768,4760,1796,1768,4758.04361,4782.23305
62.1,5979.08197,6071.93443,5886.98413,5919.87302,5392,5424,4768,4760,1796,1768,4764.41322,4788.76149
62.2,5994.29508,6087.49727,5903.61905,5936.95238,5392,5424,4768,4760,1796,1768,4770.78283,4795.28993
62.3,6009.5082,6103.06011,5920.25397,5954.03175,5392,5424,4768,4760,1796,1768,4777.15243,4801.81837
62.4,6024.72131,6118.62295,5936.88889,5971.11111,5392,5424,4768,4760,1796,1768,4783.52204,4808.34681
62.5,6039.93443,6134.18579,5953.52381,5988.19048,5392,5424,4768,4760,1796,1768,4789.89165,4814.87525
62.6,6055.14754,6149.74863,5970.15873,6005.26984,5392,5424,4768,4760,1796,1768,4796.26125,4821.4037
62.7,6070.36066,6165.31148,5986.79365,6022.34921,5392,5424,4768,4760,1796,1768,4802.63086,4827.93214
62.8,6085.57377,6180.87432,6003.42857,6039.42857,5392,5424,4768,4760,1796,1768,4809.00047,4834.46058
62.9,6100.78689,6196.43716,6020.06349,6056.50794,5392,5424,4768,4760,1796,1768,4815.37008,4840.98902
63,6116,6212,6036.69841,6073.5873,5392,5424,4768,4760,1796,1768,4821.73968,4847.51746
63.1,6135.62264,6231.4717,6053.33333,6090.66667,5392,5424,4768,4760,1796,1768,4828.99119,4854.82767
63.2,6155.24528,6250.9434,6069.96825,6107.74603,5392,5424,4768,4760,1796,1768,4836.24271,4862.13789
63.3,6174.86792,6270.41509,6086.60317,6124.8254,5392,5424,4768,4760,1796,1768,4843.49422,4869.4481
63.4,6194.49057,6289.88679,6103.2381,6141.90476,5392,5424,4768,4760,1796,1768,4850.74573,4876.75831
63.5,6214.11321,6309.35849,6119.87302,6158.98413,5392,5424,4768,4760,1796,1768,4857.99724,4884.06852
63.6,6233.73585,6328.83019,6136.50794,6176.06349,5392,5424,4768,4760,1796,1768,4865.24876,4891.37874
63.7,6253.35849,6348.30189,6153.14286,6193.14286,5392,5424,4768,4760,1796,1768,4872.50027,4898.68895
63.8,6272.98113,6367.77358,6169.77778,6210.22222,5392,5424,4768,4760,1796,1768,4879.75178,4905.99916
63.9,6292.60377,6387.24528,6186.4127,6227.30159,5392,5424,4768,4760,1796,1768,4887.00329,4913.30937
64,6312.22642,6406.71698,6203.04762,6244.38095,5392,5424,4768,4760,1796,1768,4894.25481,4920.61959
64.1,6331.84906,6426.18868,6219.68254,6261.46032,5392,5424,4768,4760,1796,1768,4901.50632,4927.9298
64.2,6351.4717,6445.66038,6236.31746,6278.53968,5392,5424,4768,4760,1796,1768,4908.75783,4935.24001
64.3,6371.09434,6465.13208,6252.95238,6295.61905,5392,5424,4768,4760,1796,1768,4916.00934,4942.55022
64.4,6390.71698,6484.60377,6269.5873,6312.69841,5392,5424,4768,4760,1796,1768,4923.26086,4949.86044
64.5,6410.33962,6504.07547,6286.22222,6329.77778,5392,5424,4768,4760,1796,1768,4930.51237,4957.17065
64.6,6429.96226,6523.54717,6302.85714,6346.85714,5392,5424,4768,4760,1796,1768,4937.76388,4964.48086
64.7,6449.58491,6543.01887,6319.49206,6363.93651,5392,5424,4768,4760,1796,1768,4945.01539,4971.79108
64.8,6469.20755,6562.49057,6336.12698,6381.01587,5392,5424,4768,4760,1796,1768,4952.26691,4979.10129
64.9,6488.83019,6581.96226,6352.7619,6398.09524,5392,5424,4768,4760,1796,1768,4959.51842,4986.4115
65,6508.45283,6601.43396,6369.39683,6415.1746,5392,5424,4768,4760,1796,1768,4966.76993,4993.72171
65.1,6528.07547,6620.90566,6386.03175,6432.25397,5392,5424,4768,4760,1796,1768,4974.02144,5001.03193
65.2,6547.69811,6640.37736,6402.66667,6449.33333,5392,5424,4768,4760,1796,1768,4981.27296,5008.34214
65.3,6567.32075,6659.84906,6419.30159,6466.4127,5392,5424,4768,4760,1796,1768,4988.52447,5015.65235
65.4,6586.9434,6679.32075,6435.93651,6483.49206,5392,5424,4768,4760,1796,1768,4995.77598,5022.96256
65.5,6606.56604,6698.79245,6452.57143,6500.57143,5392,5424,4768,4760,1796,1768,5003.02749,5030.27278
65.6,6626.18868,6718.26415,6469.20635,6517.65079,5392,5424,4768,4760,1796,1768,5010.27901,5037.58299
65.7,6645.81132,6737.73585,6485.84127,6534.73016,5392,5424,4768,4760,1796,1768,5017.53052,5044.8932
65.8,6665.43396,6757.20755,6502.47619,6551.80952,5392,5424,4768,4760,1796,1768,5024.78203,5052.20341
65.9,6685.0566,6776.67925,6519.11111,6568.88889,5392,5424,4768,4760,1796,1768,5032.03354,5059.51363
66,6704.67925,6796.15094,6535.74603,6585.96825,5392,5424,4768,4760,1796,1768,5039.28506,5066.82384
66.1,6724.30189,6815.62264,6552.38095,6603.04762,5392,5424,4768,4760,1796,1768,5046.53657,5074.13405
66.2,6743.92453,6835.09434,6569.01587,6620.12698,5392,5424,4768,4760,1796,1768,5053.78808,5081.44426
66.3,6763.54717,6854.56604,6585.65079,6637.20635,5392,5424,4768,4760,1796,1768,5061.03959,5088.75448
66.4,6783.16981,6874.03774,6602.28571,6654.28571,5392,5424,4768,4760,1796,1768,5068.29111,5096.06469
66.5,6802.79245,6893.50943,6618.92063,6671.36508,5392,5424,4768,4760,1796,1768,5075.54262,5103.3749
66.6,6822.41509,6912.98113,6635.55556,6688.44444,5392,5424,4768,4760,1796,1768,5082.79413,5110.68512
66.7,6842.03774,6932.45283,6652.19048,6705.52381,5392,5424,4768,4760,1796,1768,5090.04564,5117.99533
66.8,6861.66038,6951.92453,6668.8254,6722.60317,5392,5424,4768,4760,1796,1768,5097.29715,5125.30554
66.9,6881.28302,6971.39623,6685.46032,6739.68254,5392,5424,4768,4760,1796,1768,5104.54867,5132.61575
67,6900.90566,6990.86792,6702.09524,6756.7619,5392,5424,4768,4760,1796,1768,5111.80018,5139.92597
67.1,6920.5283,7010.33962,6718.73016,6773.84127,5392,5424,4768,4760,1796,1768,5119.05169,5147.23618
67.2,6940.15094,7029.81132,6735.36508,6790.92063,5392,5424,4768,4760,1796,1768,5126.3032,5154.54639
67.3,6959.77358,7049.28302,6752,6808,5392,5424,4768,4760,1796,1768,5133.55472,5161.8566
67.4,6979.39623,7068.75472,6752,6808,5392,5424,4768,4760,1796,1768,5137.47925,5165.75094
67.5,6999.01887,7088.22642,6752,6808,5392,5424,4768,4760,1796,1768,5141.40377,5169.64528
67.6,7018.64151,7107.69811,6752,6808,5392,5424,4768,4760,1796,1768,5145.3283,5173.53962
67.7,7038.26415,7127.16981,6752,6808,5392,5424,4768,4760,1796,1768,5149.25283,5177.43396
67.8,7057.88679,7146.64151,6752,6808,5392,5424,4768,4760,1796,1768,5153.17736,5181.3283
67.9,7077.50943,7166.11321,6752,6808,5392,5424,4768,4760,1796,1768,5157.10189,5185.22264
68,7097.13208,7185.58491,6752,6808,5392,5424,4768,4760,1796,1768,5161.02642,5189.11698
68.1,7116.75472,7205.0566,6752,6808,5392,5424,4768,4760,1796,1768,5164.95094,5193.01132
68.2,7136.37736,7224.5283,6752,6808,5392,5424,4768,4760,1796,1768,5168.87547,5196.90566
68.3,7156,7244,6752,6808,5392,5424,4768,4760,1796,1768,5172.8,5200.8
68.4,7156,7244,6752,6808,5392,5424,4768,4760,1796,1768,5172.8,5200.8
68.5,7156,7244,6752,6808,5392,5424,4768,4760,1796,1768,5172.8,5200.8
68.6,7156,7244,6752,6808,5392,5424,4768,4760,1796,1768,5172.8,5200.8
68.7,7156,7244,6752,6808,5392,5424,4768,4760,1796,1768,5172.8,5200.8
68.8,7156,7244,6752,6808,5392,5424,4768,4760,1796,1768,5172.8,5200.8
68.9,7156,7244,6752,6808,5392,5424,4768,4760,1796,1768,5172.8,5200.8
69,7156,7244,6752,6808,5392,5424,4768,4760,1796,1768,5172.8,5200.8
69.1,7156,7244,6752,6808,5392,5424,4768,4760,1796,1768,5172.8,5200.8
69.2,7156,7244,6752,6808,5392,5424,4768,4760,1796,1768,5172.8,5200.8
69.3,7156,7244,6752,6808,5392,5424,4768,4760,1796,1768,5172.8,5200.8
69.4,7156,7244,6752,6808,5392,5424,4768,4760,1796,1768,5172.8,5200.8
69.5,7156,7244,6752,6808,5392,5424,4768,4760,1796,1768,5172.8,5200.8
69.6,7156,7244,6752,6808,5392,5424,4768,4760,1796,1768,5172.8,5200.8
69.7,7156,7244,6752,6808,5392,5424,4768,4760,1796,1768,5172.8,5200.8
69.8,7156,7244,6752,6808,5392,5424,4768,4760,1796,1768,5172.8,5200.8
69.9,7156,7244,6752,6808,5392,5424,4768,4760,1796,1768,5172.8,5200.8
70,7156,7244,6752,6808,5392,5424,4768,4760,1796,1768,5172.8,5200.8
70.1,7156,7244,6752,6808,5392,5424,4768,4760,1796,1768,5172.8,5200.8
70.2,7156,7244,6752,6808,5392,5424,4768,4760,1796,1768,5172.8,5200.8
70.3,7156,7244,6752,6808,5392,5424,4768,4760,1796,1768,5172.8,5200.8
69.3,7156,7244,6752,6808,5392,5424,4768,4760,1796,1768,5172.8,5200.8
69.4,7156,7244,6752,6808,5392,5424,4768,4760,1796,1768,5172.8,5200.8
69.5,7156,7244,6752,6808,5392,5424,4768,4760,1796,1768,5172.8,5200.8
69.6,7156,7244,6752,6808,5392,5424,4768,4760,1796,1768,5172.8,5200.8
69.7,7156,7244,6752,6808,5392,5424,4768,4760,1796,1768,5172.8,5200.8
69.8,7156,7244,6752,6808,5392,5424,4768,4760,1796,1768,5172.8,5200.8
69.9,7156,7244,6752,6808,5392,5424,4768,4760,1796,1768,5172.8,5200.8
70,7156,7244,6752,6808,5392,5424,4768,4760,1796,1768,5172.8,5200.8
70.1,7156,7244,6752,6808,5392,5424,4768,4760,1796,1768,5172.8,5200.8
70.2,7156,7244,6752,6808,5392,5424,4768,4760,1796,1768,5172.8,5200.8